time,roll,pitch,yaw
0.0261,-17.0815,-18.2529,154.5708
0.0392,-17.0029,-17.5396,155.1706
0.0526,-17.0219,-17.9763,154.8256
0.0668,-15.5769,-18.2394,155.6445
0.0845,-15.4329,-16.9803,156.7278
0.1018,-15.1357,-17.4132,156.5995
0.1193,-18.6702,-23.4363,149.2993
0.1369,-17.4727,-21.8739,151.4130
0.1544,-16.3245,-19.6471,154.0085
0.1719,-17.1334,-16.6414,155.7414
0.1902,-14.8150,-18.3188,156.0978
0.2080,-16.1197,-19.8652,153.9719
0.2268,-16.8641,-20.2190,153.1777
0.2446,-15.7899,-21.8956,152.5070
0.2630,-16.5525,-18.7286,154.5797
0.2811,-17.3158,-15.9505,156.1026
0.2997,-16.0759,-18.2083,155.3222
0.3176,-16.0800,-21.3822,152.7505
0.3390,-17.2486,-21.8246,151.6058
0.3578,-17.7426,-20.8310,152.0745
0.3759,-15.9888,-18.8121,154.9066
0.3948,-16.3278,-19.0678,154.4690
0.4123,-16.7171,-19.8656,153.5631
0.4307,-16.0468,-20.4475,153.5458
0.4486,-16.3949,-20.4859,153.2811
0.4670,-16.8210,-18.1254,154.8569
0.4848,-16.8128,-18.4780,154.5905
0.5033,-17.0051,-20.1183,153.1609
0.5223,-15.9445,-20.1634,153.8468
0.5411,-17.9734,-19.8671,152.6754
0.5600,-16.8222,-21.7824,151.9273
0.5782,-15.3728,-21.5334,153.0786
0.5976,-17.1000,-17.7659,154.9285
0.6160,-17.1302,-19.2744,153.7429
0.6348,-15.4375,-19.1052,155.0466
0.6533,-16.4594,-19.8010,153.7923
0.6723,-16.7043,-21.4439,152.2864
0.6906,-16.1388,-19.5347,154.2258
0.7090,-17.7502,-20.1182,152.6373
0.7292,-16.3263,-19.2174,154.3511
0.7470,-17.1462,-19.2857,153.7227
0.7656,-15.1548,-21.6034,153.1566
0.7835,-15.9184,-19.8083,154.1538
0.8022,-19.2567,-19.8471,151.7496
0.8203,-14.9569,-21.4247,153.4321
0.8386,-16.9445,-19.8935,153.3830
0.8564,-19.0110,-20.1293,151.7147
0.8750,-14.5970,-22.4974,152.7303
0.8932,-16.9987,-20.1470,153.1424
0.9117,-17.3998,-17.8077,154.6766
0.9304,-14.9743,-20.2712,154.3925
0.9490,-17.1629,-18.7422,154.1348
0.9672,-17.5118,-19.0445,153.6493
0.9851,-13.8782,-23.4237,152.3361
1.0034,-17.1680,-22.7746,150.8692
1.0211,-16.0625,-19.7675,154.0897
1.0398,-16.8546,-18.5800,154.4815
1.0575,-15.5599,-19.7036,154.4787
1.0756,-16.1501,-19.4624,154.2762
1.0940,-16.3904,-20.9601,152.8953
1.1125,-17.2803,-22.9890,150.6146
1.1308,-16.2037,-21.5065,152.5659
1.1493,-15.6254,-19.9543,154.2302
1.1676,-16.8134,-18.1710,154.8273
1.1857,-16.4434,-18.9350,154.4937
1.2042,-16.4810,-20.5341,153.1837
1.2224,-15.6655,-22.6662,151.9302
1.2418,-15.6231,-20.4352,153.8359
1.2628,-14.9084,-20.1172,154.5630
1.2806,-19.1672,-18.0556,153.1595
1.3025,-17.2757,-21.5866,151.7833
1.3254,-16.2974,-19.1310,154.4399
1.3502,-16.4786,-20.3605,153.3267
1.3725,-15.6456,-21.4029,153.0147
1.3973,-17.9009,-17.2542,154.7133
1.4208,-17.3258,-23.4504,150.1952
1.4489,-16.2173,-20.6782,153.2427
1.4759,-15.9459,-20.2395,153.7836
1.5099,-14.8033,-21.8717,153.1454
1.5348,-16.7108,-19.3466,153.9812
1.5570,-16.2195,-19.4551,154.2346
1.5821,-17.9730,-19.8207,152.7120
1.6065,-14.9816,-22.1393,152.8063
1.6313,-18.9786,-19.1757,152.4690
1.6555,-15.3295,-22.0408,152.6749
1.6804,-17.1238,-22.1823,151.3935
1.7058,-15.0291,-22.7490,152.2516
1.7290,-17.3237,-19.7523,153.2293
1.7550,-16.1023,-21.4389,152.6886
1.7776,-15.7576,-18.9512,154.9541
1.8026,-16.2186,-22.2466,151.9351
1.8268,-16.0999,-19.3425,154.4068
1.8510,-15.2999,-18.9099,155.2967
1.8763,-14.0248,-21.7468,153.7222
1.9006,-17.3217,-20.9457,152.2747
1.9256,-17.7923,-21.8949,151.1767
1.9482,-16.0091,-21.5152,152.6856
1.9730,-15.1385,-21.6832,153.0990
1.9973,-16.4395,-20.1167,153.5511
2.0214,-15.8989,-20.7866,153.3642
2.0450,-16.6319,-21.2709,152.4777
2.0707,-18.4265,-20.0071,152.2380
2.0957,-15.8275,-20.1120,153.9669
2.1216,-15.7491,-21.9384,152.4969
2.1470,-16.3188,-23.3541,150.9289
2.1703,-16.2827,-19.5664,154.1020
2.1955,-16.1852,-20.0026,153.8161
2.2183,-15.7668,-22.5766,151.9432
2.2446,-16.4180,-22.1292,151.9045
2.2716,-17.0665,-18.5787,154.3307
2.2996,-16.1189,-20.9109,153.1163
2.3256,-15.7818,-23.9453,150.7536
2.3518,-16.1441,-22.6547,151.6372
2.3771,-16.2677,-19.2450,154.3695
2.4055,-17.8967,-19.8425,152.7498
2.4329,-16.5173,-23.4732,150.7005
2.4593,-15.7881,-22.4182,152.0648
2.4854,-16.5880,-18.9541,154.3774
2.5148,-15.3323,-20.8087,153.7139
2.5409,-17.5849,-21.1646,151.9153
2.5662,-15.7958,-22.9344,151.6187
2.5887,-17.8692,-20.9792,151.8665
2.6137,-16.2358,-20.7949,153.1344
2.6371,-15.1877,-20.4001,154.1480
2.6618,-16.4739,-23.2444,150.9239
2.6853,-17.3268,-21.7080,151.6488
2.7129,-16.3721,-19.1116,154.4036
2.7389,-16.6735,-20.9049,152.7505
2.7654,-16.2442,-22.7020,151.5329
2.7897,-15.7809,-24.0367,150.6746
2.8166,-14.7278,-21.3214,153.6623
2.8455,-14.1111,-21.5521,153.8393
2.8722,-14.9295,-22.0237,152.9374
2.9004,-13.8356,-25.3605,150.6234
2.9281,-15.0156,-19.0341,155.3853
2.9553,-15.0427,-19.9192,154.6409
2.9819,-17.8936,-22.2774,150.7929
3.0084,-18.8859,-24.4501,148.3022
3.0348,-18.1378,-23.7098,149.4343
3.0642,-14.4518,-24.4368,151.1095
3.0925,-17.1027,-28.1830,146.1951
3.1195,-14.8142,-26.2369,149.2897
3.1458,-14.7773,-20.0091,154.7369
3.1716,-10.7177,-22.0542,155.2276
3.1977,-11.7175,-27.5701,149.6402
3.2252,-11.3059,-25.7642,151.5212
3.2526,-11.9903,-22.2692,154.3948
3.2792,-14.6236,-24.1044,151.3057
3.3062,-15.5013,-26.5535,148.6119
3.3356,-15.6469,-23.2440,151.4448
3.3618,-15.0847,-20.2050,154.3766
3.3877,-14.4795,-21.8406,153.3691
3.4138,-14.6621,-23.6809,151.6571
3.4385,-14.3671,-29.0202,146.9826
3.4662,-15.9956,-35.3652,140.1308
3.4897,-16.1841,-37.2369,138.2241
3.5157,-16.4134,-33.7020,141.4880
3.5398,-18.8421,-26.0629,146.9556
3.5662,-21.0384,-27.7756,143.9668
3.5908,-18.9676,-31.1226,142.3689
3.6172,-18.3463,-34.9127,139.2189
3.6444,-17.0697,-36.1677,138.7671
3.6715,-17.7461,-33.7748,140.6539
3.6997,-15.7241,-37.8543,137.8685
3.7293,-14.4258,-40.6852,135.7426
3.7587,-16.9795,-39.2103,135.8643
3.7861,-14.8233,-40.1906,136.0369
3.8152,-13.7297,-44.6510,132.1166
3.8450,-10.2477,-48.2043,129.9631
3.8742,-8.7010,-45.7456,132.9415
3.9186,-8.0115,-44.2822,134.6047
3.9442,-4.9326,-49.9676,129.6018
3.9675,-6.3414,-54.0230,125.2387
3.9917,-8.8724,-54.7119,123.8291
4.0136,-6.1615,-57.6689,121.5962
4.0386,-4.2574,-56.1245,123.5335
4.0616,-10.5941,-58.8139,118.9524
4.0868,-9.1447,-60.6685,117.6045
4.1106,-9.1419,-60.2716,118.0179
4.1352,-10.5941,-61.0098,116.6434
4.1597,-7.9845,-60.7403,117.9444
4.1840,-7.6665,-61.8773,116.8777
4.2070,-5.2749,-66.2972,113.0378
4.2318,-6.4901,-66.1360,112.8584
4.2556,-5.2086,-64.0652,115.3294
4.2784,-5.1645,-60.9385,118.5114
4.3029,-2.4993,-58.5478,121.3296
4.3256,-9.4650,-71.9650,105.2073
4.3617,-6.1588,-73.9981,104.7106
4.3891,-4.6709,-74.2823,104.9733
4.4159,-6.8257,-70.7972,107.8598
4.4428,-0.4262,-73.8339,106.1602
4.4686,-1.1847,-80.7942,99.1280
4.4959,-1.3690,-82.7261,97.1426
4.5201,-3.6731,-80.2878,98.9783
4.5453,-1.2990,-81.8979,97.9959
4.5689,2.0508,-83.1392,96.5443
4.5935,1.4084,-81.2740,98.6098
4.6173,2.2242,-78.9661,100.8019
4.6423,-0.3975,-80.8634,99.1278
4.6659,0.8858,-82.3807,97.5670
4.6906,-3.2306,-84.2967,94.6951
4.7131,0.0125,-88.7615,88.7616
4.7382,-3.6270,-85.8468,92.0206
4.7617,-0.7922,-88.4529,91.3288
4.7867,-0.1578,-89.1041,89.1181
4.8122,0.0000,-85.7554,85.7554
4.8365,2.7591,-86.0489,87.1740
4.8614,2.5099,-86.3263,87.3191
4.8842,-0.5559,-87.6821,87.7498
4.9087,1.3845,-84.5387,84.7182
4.9325,2.1292,-85.4145,85.9407
4.9574,3.0062,-85.7467,86.9938
4.9823,3.7879,-85.6521,87.8686
5.0079,0.5187,-84.7810,84.8070
5.0327,1.9778,-85.8671,86.3725
5.0563,2.1427,-84.1913,84.6034
5.0812,1.5856,-83.4245,83.6202
5.1041,0.7149,-83.6121,83.6526
5.1284,0.4049,-83.8545,83.8680
5.1519,0.7104,-82.0390,82.0711
5.1769,1.5294,-82.3755,82.5323
5.2007,2.7681,-83.1095,83.6949
5.2257,2.3149,-82.7280,83.1100
5.2508,0.0131,-81.9272,81.9272
5.2761,0.8519,-83.4069,83.4626
5.3007,1.5183,-83.4174,83.5964
5.3244,1.3888,-82.7785,82.9147
5.3487,-1.1426,-81.8407,81.9221
5.3751,-3.9960,-80.5818,81.4855
5.4003,-1.8521,-83.1955,83.4547
5.4239,1.8591,-86.9869,87.6297
5.4492,-1.3700,-87.3113,87.6870
5.4725,6.1029,-83.3079,87.2648
5.4975,2.1491,-85.6565,86.2272
5.5189,-1.7148,-86.8858,87.4012
5.5417,0.5829,-88.9970,89.1838
5.5735,1.2097,-87.0203,92.7227
5.5999,0.5885,-89.4009,90.1123
5.6256,-2.4147,-86.7246,87.7882
5.6512,-1.8198,-87.1530,92.1888
5.6780,2.9663,-84.1635,95.0220
5.7025,3.5623,-79.9695,99.3644
5.7294,2.3400,-82.7066,96.9039
5.7566,-3.5917,-83.5204,95.3859
5.7812,0.4400,-81.5867,98.4016
5.8077,0.5474,-80.4990,99.4850
5.8339,1.3621,-78.4081,101.5094
5.8603,-1.9664,-77.7783,102.0576
5.8848,-7.9196,-76.8458,100.4351
5.9108,-6.1726,-75.9304,102.5932
5.9374,-4.9640,-75.3429,103.7554
5.9653,-1.2289,-72.2427,107.7119
5.9941,-0.5405,-70.9339,109.0578
6.0213,-3.5248,-72.1718,107.4533
6.0492,-4.7673,-72.0114,107.3036
6.0766,-3.2444,-69.7229,109.9932
6.1012,-2.9801,-68.5019,111.2701
6.1279,-5.6174,-65.9193,113.3350
6.1558,-9.1606,-62.8271,115.3425
6.1830,-9.9659,-66.3295,111.2391
6.2088,-6.3746,-64.7361,114.3364
6.2358,-4.8537,-61.7794,117.7255
6.2637,-3.3945,-61.9845,117.7726
6.2878,-9.6721,-63.7684,114.1310
6.3148,-13.8511,-75.3340,94.7267
6.3421,-13.2434,-66.6574,108.8619
6.3699,10.6586,-37.4260,140.5609
6.3942,-0.3335,-61.9247,118.0729
6.4213,-9.0868,-59.3167,119.0281
6.4577,-9.3908,-53.6989,124.6874
6.4849,-7.4961,-48.4028,130.6129
6.5099,-8.3146,-54.8618,123.8546
6.5350,-6.6679,-58.7533,120.3687
6.5568,-16.7624,-53.8110,121.0124
6.5824,-15.0103,-49.0440,127.0235
6.6050,-12.1249,-44.1197,133.3514
6.6299,-8.9682,-47.0396,131.5616
6.6530,8.0753,-50.5395,128.3035
6.6757,-16.6661,-41.1757,134.1002
6.7007,-14.7740,-44.0838,132.1856
6.7238,-15.3067,-44.1445,131.8562
6.7487,-13.9689,-43.2398,133.4196
6.7705,-17.1635,-43.3751,131.6267
6.7951,-17.0016,-45.6530,129.4131
6.8189,-11.7693,-41.5482,136.0599
6.8433,-10.0943,-35.5376,142.6207
6.8672,-12.4448,-31.5270,145.5584
6.8915,-17.6169,-36.8497,137.7971
6.9149,-14.4619,-38.1585,138.2099
6.9392,-12.1724,-37.7471,139.6487
6.9630,-8.2714,-31.7152,146.9735
6.9841,-10.5785,-27.9256,149.7999
7.0098,-12.8420,-32.2866,144.6513
7.0321,-10.8523,-34.0598,143.7820
7.0577,-11.1329,-33.3071,144.4027
7.0796,-11.6893,-27.8123,149.4249
7.1049,-14.5788,-29.4502,146.4713
7.1280,-18.8702,-40.1481,133.8351
7.1522,-12.1078,-28.2470,148.8238
7.1741,-3.2693,-20.5194,159.1984
7.1981,-3.5928,-14.3077,165.2293
7.2236,-11.8361,-28.0282,149.1548
7.2479,-7.5330,-24.6263,154.0980
7.2735,-10.4494,-17.1775,159.7219
7.2987,-5.6878,-9.7244,168.7063
7.3234,-9.1357,-14.3571,162.8760
7.3485,-18.7343,-24.1671,148.6442
7.3727,-10.1929,-17.2763,159.7750
7.3979,-5.4468,-13.6083,165.3030
7.4222,-8.3439,-12.9895,164.4818
7.4481,-13.5990,-17.5501,157.5192
7.4731,-8.5573,-16.0421,161.7081
7.4981,-9.2201,-12.4895,164.3863
7.5313,-7.8850,-10.9486,166.4501
7.5580,-12.3217,-15.8785,159.6973
7.5850,-11.0271,-12.2353,163.4125
7.6101,-10.9260,-9.2334,165.6208
7.6322,-8.6670,-5.6324,169.6398
7.6570,-7.6619,-6.4755,169.9429
7.6798,-14.4622,-9.5026,162.5799
7.7048,-11.8921,-8.3455,165.4010
7.7279,-9.4632,-6.2320,168.6374
7.7534,-7.1566,-3.2365,172.1386
7.7760,-6.8867,4.1137,171.9679
7.8012,-11.3184,1.4430,168.5876
7.8241,-8.9470,-6.0079,169.1954
7.8545,-8.6321,-0.6959,171.3394
7.8816,-9.6946,5.4078,168.8736
7.9101,-15.9304,-5.9602,162.9351
7.9373,-11.9749,-6.2278,166.4596
7.9641,-6.9748,5.5489,171.0700
7.9900,-10.9855,9.8109,165.1889
8.0172,-12.0082,2.7181,167.6791
8.0444,-10.0082,0.9254,169.9483
8.0705,-10.8901,8.9197,165.8534
8.1024,-8.1432,12.9001,164.6690
8.1295,-12.3507,5.9664,166.2425
8.1562,-13.2711,4.0439,166.1048
8.1820,-8.2560,14.2954,163.4029
8.2145,-7.8557,16.0145,162.0684
8.2380,-14.9026,4.8089,164.3063
8.2652,-7.0010,10.6753,167.1884
8.2968,-12.8518,19.5665,156.2945
8.3213,-8.8984,23.6533,154.5332
8.3460,-7.0160,18.9712,159.6788
8.3694,-14.2304,14.6230,159.3677
8.3935,-10.3905,18.1797,158.8767
8.4160,-10.0768,22.8541,154.7874
8.4415,-3.6859,23.6091,156.0699
8.4661,-5.5584,18.4690,160.6542
8.4904,-10.4200,16.8553,160.0171
8.5154,-5.2550,25.6844,153.7055
8.5383,0.8802,25.1843,154.7982
8.5636,0.7635,24.1169,155.8695
8.5855,-2.7789,25.1996,154.6261
8.6099,-0.2835,24.1117,155.8864
8.6330,-0.3530,27.2023,152.7950
8.6582,0.8919,32.4532,147.5315
8.6812,-9.2057,31.0396,147.3247
8.7060,-3.0519,22.2776,157.4919
8.7295,-7.2276,25.4779,153.3728
8.7541,-1.3963,36.2651,143.6993
8.7771,0.6129,36.0389,143.9542
8.8014,-7.6713,30.0858,148.7505
8.8271,-9.0462,31.4425,146.9874
8.8534,-3.5172,37.3564,142.4202
8.8783,-2.4332,40.7208,139.1748
8.9034,-6.1638,30.7426,148.5109
8.9280,-6.0553,36.5338,142.8021
8.9528,-2.0302,39.6740,140.2529
8.9762,0.1698,45.9887,134.0108
9.0010,-2.0197,49.0854,130.8427
9.0235,-1.9953,39.2825,140.6467
9.0486,-1.3400,40.4579,139.5104
9.0718,-0.2958,47.7083,132.2901
9.0969,-0.2213,51.1259,128.8733
9.1219,-0.5745,45.4823,134.5119
9.1458,2.0903,40.1629,139.7598
9.1714,0.8048,49.0778,130.9108
9.1953,-5.4403,45.6389,133.8458
9.2198,-4.5991,40.0071,139.6193
9.2426,-0.6284,44.5730,135.4202
9.2682,4.4835,54.2614,125.3685
9.2937,0.6750,43.7743,136.2177
9.3173,-2.3516,39.4352,140.4665
9.3420,0.6100,45.6433,134.3502
9.3664,4.5652,57.4424,122.1562
9.3909,-0.1870,41.8039,138.1954
9.4154,-14.9682,30.7507,145.0518
9.4392,-13.3565,41.9051,135.0313
9.4641,-2.0581,40.5555,139.3697
9.4880,3.6952,32.3706,147.3668
9.5129,-5.5864,43.0573,136.3988
9.5355,-7.3105,45.7278,133.3436
9.5609,4.6908,51.2425,128.3645
9.5839,6.7299,45.6061,133.6065
9.6091,5.8741,46.7087,132.6897
9.6303,-1.1779,51.3686,128.6066
9.6549,-3.6920,55.9580,123.7854
9.6780,-2.9100,52.9219,126.9245
9.7027,-4.6381,49.8033,129.8163
9.7262,-5.0225,56.0999,123.4241
9.7510,-3.0322,58.0222,121.7990
9.7752,-9.3389,53.5748,124.8317
9.8004,-3.7889,54.2840,125.4516
9.8248,-12.9105,52.4950,124.4962
9.8489,-11.8051,58.3369,118.9087
9.8740,-6.5140,60.2030,118.9343
9.8991,-3.2241,58.0112,121.7867
9.9245,-6.8375,60.9715,118.0612
9.9495,-14.5983,57.9880,117.7973
9.9737,-7.5659,57.3589,121.5376
9.9989,-1.8822,60.5384,119.3894
10.0214,-8.8560,60.7582,117.6199
10.0461,-5.4363,63.6846,115.6626
10.0688,-11.9550,59.5348,117.5659
10.0941,0.2207,56.2832,123.7159
10.1201,-3.7418,64.6559,115.0272
10.1458,0.6025,67.3085,112.6826
10.1709,-6.7479,60.9563,118.1020
10.1947,-6.4903,57.2982,121.8914
10.2187,-2.7592,67.9347,111.8740
10.2413,0.2534,67.6300,112.3684
10.2653,-10.1744,60.3094,117.5645
10.2907,-2.9562,67.6377,112.1450
10.3151,-3.5210,65.3263,114.3876
10.3398,0.0963,67.6248,112.3750
10.3634,-4.9882,63.2654,116.1917
10.3880,-3.8236,70.1793,109.4180
10.4109,-9.1483,64.5135,113.5687
10.4361,0.0950,72.5033,107.4965
10.4586,-9.7000,68.1328,109.4004
10.4839,-4.0955,70.8734,108.6495
10.5090,-2.6673,68.6267,111.1899
10.5322,-6.4523,66.0274,112.9825
10.5576,-2.7250,71.4570,108.3271
10.5805,1.8561,69.2782,110.6308
10.6061,-2.7134,71.3275,108.4598
10.6305,-6.7035,69.7846,108.9799
10.6531,-3.6965,72.6050,106.9731
10.6779,-0.2377,74.8771,105.1210
10.6999,-1.0237,74.0967,105.8686
10.7245,-10.3415,67.2674,110.0111
10.7499,-6.1186,72.8556,105.9522
10.7735,-5.1992,72.2830,106.8885
10.7985,-5.8424,71.0162,107.9968
10.8214,-9.7903,72.2118,104.7026
10.8465,-8.7369,69.8627,107.9959
10.8700,-1.2367,74.7041,105.2434
10.8957,-5.0544,73.3483,105.8234
10.9194,-6.9511,73.9737,104.3674
10.9455,-6.5866,71.6152,107.0856
10.9710,-7.9464,72.1427,105.8855
10.9978,-8.4707,74.6467,102.7096
11.0226,-10.5231,70.2557,106.5111
11.0495,-8.4615,72.7412,104.9294
11.0727,-4.2510,75.8155,103.5070
11.0993,-3.8865,73.8118,105.6898
11.1272,-9.8697,70.2639,106.9150
11.1537,-11.0769,72.7748,103.0230
11.1805,-7.3096,72.1246,106.2207
11.2076,-6.4803,69.1188,109.7607
11.2340,-8.8743,65.9147,112.1984
11.2595,-6.4513,68.7317,110.1754
11.2851,-5.1209,69.0352,110.2723
11.3119,-9.4268,64.7217,113.2258
11.3384,-7.3753,63.0093,115.8053
11.3627,-7.8536,66.9966,111.4764
11.3900,-5.7900,61.9592,117.3321
11.4167,-8.0080,59.6895,119.0175
11.4538,-7.1633,61.0668,117.8685
11.4781,-6.0241,60.9128,118.3383
11.5027,-5.6895,58.3614,121.0046
11.5271,-3.5666,56.5949,123.1634
11.5523,-7.2614,54.8785,124.1427
11.5747,-8.1032,54.3988,124.3896
11.5995,-6.6946,54.3179,124.8562
11.6229,-5.8227,51.7935,127.5982
11.6471,-11.2343,50.4849,127.2808
11.6708,-10.2989,49.1665,128.9724
11.6948,-5.5737,51.9245,127.5174
11.7189,-0.2928,51.3555,128.6430
11.7443,-9.0336,40.2839,138.2895
11.7669,-5.5932,43.5877,135.8676
11.7919,-7.2021,43.5349,135.5639
11.8140,-2.6850,43.9646,135.9096
11.8394,-0.2709,44.9768,135.0220
11.8620,-9.3079,39.0384,139.4376
11.8862,-5.8289,39.2640,140.1342
11.9096,-2.9294,40.2430,139.6053
11.9350,0.7897,40.8599,139.1291
11.9588,-9.8463,33.3388,144.8599
11.9835,-8.4377,33.3118,145.3571
12.0070,-4.8597,41.9678,137.6190
12.0355,0.6212,42.1205,137.8727
12.0604,-3.5900,35.8421,143.9216
12.0876,-2.2835,33.1324,146.7683
12.1121,-9.0699,35.8151,142.6968
12.1472,-4.8486,28.0533,151.4564
12.1737,7.0141,29.1704,149.8363
12.1971,-0.8529,21.4166,158.5647
12.2236,1.5054,32.7125,147.2441
12.2478,2.5784,28.5799,151.2823
12.2746,-6.9713,20.8795,157.8827
12.2980,-7.2888,19.3481,159.2208
12.3257,-2.0218,19.7496,160.1386
12.3501,0.6999,24.7164,155.2724
12.3772,-2.6646,19.4172,160.3862
12.4022,-7.7291,15.8771,162.2512
12.4298,0.5683,17.0955,162.8944
12.4546,-2.6452,21.0792,158.7397
12.4804,0.7932,22.3345,157.6499
12.5066,-7.4464,9.1504,168.1620
12.5326,-3.3378,9.5477,169.8754
12.5606,0.1966,12.3594,167.6390
12.5881,2.2988,17.6155,162.2254
12.6145,-0.3842,9.4422,170.5499
12.6429,-9.5536,3.4783,169.8217
12.6709,-4.2698,5.9368,172.6782
12.6966,-3.5417,12.1500,167.3291
12.7230,-3.1796,13.3941,166.2199
12.7512,-9.6888,4.7122,169.2061
12.7787,-5.1288,4.4165,173.2240
12.8065,-7.5843,7.1227,169.5666
12.8350,-10.3228,3.0672,169.2215
12.8793,-2.3625,-0.4267,177.5992
12.9039,-1.8448,2.4087,176.9653
12.9288,-0.7643,2.9449,176.9574
12.9553,-5.3962,-2.0906,174.2107
12.9800,-1.0601,-7.6112,172.3145
13.0071,1.1419,-2.6565,177.1081
13.0328,-4.8406,-0.9193,175.0725
13.0599,-1.7035,-0.7651,178.1324
13.0861,-5.5839,-5.8758,171.8805
13.1103,-2.8332,-5.5107,173.7996
13.1329,-3.0539,-1.8522,176.4274
13.1601,-0.6549,-0.2278,179.3066
13.1877,-7.5715,-4.8437,170.9964
13.2168,-5.6710,-6.8754,171.0701
13.2472,-4.2313,-3.8354,174.2844
13.2760,-0.0704,-1.9119,178.0868
13.3008,-2.6809,-5.2334,174.1164
13.3289,-3.6061,-5.2139,173.6548
13.3569,-2.9955,-3.6665,175.2628
13.3853,-2.5689,-4.2646,175.0190
13.4146,-3.3338,-8.5543,170.8099
13.4441,-13.3462,-21.0221,154.7493
13.4756,-5.6216,15.5597,163.4071
13.5018,10.0900,-24.4261,153.3139
13.5307,3.8302,-9.5567,169.6909
13.5763,-4.7225,-12.0293,167.0509
13.6037,-0.3995,-15.0418,164.9526
13.6316,1.6606,-12.2075,167.6766
13.6577,-4.3597,-16.7317,162.6771
13.6844,-1.6599,-15.0831,164.8216
13.7109,-5.9237,-18.8432,160.1799
13.7363,4.4449,-14.5073,164.7983
13.7770,2.6658,-15.7188,164.0452
13.8122,-9.8365,-21.6017,156.0550
13.8374,0.1962,-15.6448,164.3539
13.8622,-0.5107,-15.5860,164.4052
13.8873,-1.0232,-11.1807,168.7713
13.9101,-3.8625,-21.8986,157.7283
13.9348,-2.4689,-19.1802,160.6492
13.9622,-3.6962,-16.5353,163.0333
13.9851,3.4418,-14.7777,164.8089
14.0100,-3.4025,-15.7963,163.8226
14.0328,-2.3815,-17.2665,162.5597
14.0579,-5.3767,-16.8658,162.2486
14.0822,0.8352,-11.6246,168.3446
14.1076,-0.5487,-10.8935,169.0924
14.1306,0.6569,-12.2430,167.7389
14.1565,-5.5417,-14.1877,164.7258
14.1810,-15.8244,-18.5447,155.2322
14.2061,-14.4849,-19.3550,155.4673
14.2281,-8.2357,-23.7033,154.7379
14.2548,-10.2078,-21.1688,156.2806
14.2815,-12.4671,-14.7467,160.5027
14.3085,-9.7704,-12.8889,163.7233
14.3348,-20.5149,-13.4112,155.1496
14.3613,-27.0694,-16.5683,147.5182
14.3868,-22.5332,-19.2708,149.6191
14.4134,-16.8169,-16.0158,156.4355
14.4399,-26.5220,-10.7038,151.0774
14.4673,-31.1018,-23.6415,139.1603
14.4940,-32.9558,-21.9822,138.6746
14.5195,-34.4525,-18.6496,139.4700
14.5449,-28.5360,-18.7244,144.8618
14.5687,-21.9692,-21.1479,148.6860
14.6003,-49.8728,-15.9522,125.6582
14.6253,-38.1214,-28.7690,128.4852
14.6492,-32.5473,-18.9047,141.0957
14.6743,-34.2376,-15.2779,141.5908
14.6974,-30.7177,-19.2749,142.5414
14.7221,-48.4298,-15.2141,127.5488
14.7492,-50.9462,-20.7831,121.3747
14.7787,-44.8880,-25.7002,124.0738
14.8055,-48.2703,-22.9512,122.6450
14.8317,-61.3567,-14.9925,113.8008
14.8588,-56.2796,-21.7821,114.3868
14.8859,-57.5449,-23.2666,111.2997
14.9135,-58.5295,-22.9764,110.2831
14.9403,-64.1383,-17.7993,108.1299
14.9670,-63.6395,-19.8244,106.6542
14.9938,-68.9679,-14.9664,104.4311
15.0203,-66.2743,-19.1277,103.5031
15.0474,-69.9722,-17.1673,100.0024
15.0729,-78.3436,-6.6562,99.5255
15.0992,-75.8165,-10.8882,98.9790
15.1263,-69.8516,-18.7977,96.9917
15.1539,-73.6912,-16.3068,89.7522
15.1807,-79.3875,-10.5602,88.9599
15.2078,-82.2217,-6.8901,86.4080
15.2350,-78.7472,-11.0498,87.8987
15.2619,-79.4989,-8.4308,83.7849
15.2880,-81.9289,-4.5541,83.3506
15.3156,-80.2313,-6.9195,83.1382
15.3479,-77.2792,-10.0479,82.2794
15.3712,-77.4058,-10.9726,83.8940
15.3959,-77.4698,-7.5949,80.0930
15.4191,-81.1803,-6.9907,84.6492
15.4439,-71.0418,-18.4063,85.6148
15.4663,-77.4888,-9.1066,81.4940
15.4907,-79.7088,-7.5534,83.0511
15.5161,-78.6315,-5.5351,80.1013
15.5412,-79.2480,-7.0146,81.8925
15.5652,-77.2742,-9.7999,81.9615
15.5905,-79.2730,-7.7769,82.6573
15.6137,-79.4641,-5.1438,80.8301
15.6388,-82.2007,0.6836,82.2311
15.6617,-79.0653,-6.1092,80.9658
15.6881,-76.1048,-13.6854,87.6398
15.7106,-72.8703,-16.9526,87.6146
15.7358,-78.8885,-11.0027,88.4676
15.7594,-81.5598,-8.3862,89.0542
15.7851,-81.4242,-8.3186,87.9301
15.8077,-76.4687,-13.4823,91.1289
15.8327,-75.5765,-12.5851,96.9325
15.8550,-78.5306,-9.9213,95.6970
15.8804,-82.0455,-7.4033,92.8933
15.9034,-79.3854,-9.1201,95.3848
15.9293,-70.4738,-16.0651,100.8038
15.9546,-67.0607,-18.5484,103.0151
15.9787,-72.8920,-11.2634,102.7075
16.0070,-74.4292,-9.4103,102.2916
16.0287,-65.6324,-14.2911,109.3052
16.0538,-66.4760,-12.1729,109.8090
16.0761,-65.8156,-11.3727,111.0446
16.1007,-62.1236,-12.0444,114.7348
16.1403,-58.9105,-11.7619,118.3228
16.1637,-49.4841,-14.3259,126.9195
16.1890,-49.2934,-20.5145,123.3692
16.2121,-51.3152,-18.5450,122.5521
16.2372,-47.8157,-14.7667,128.4086
16.2589,-41.7274,-20.0196,131.5422
16.2837,-41.3938,-20.4690,131.5819
16.3072,-46.4871,-19.7094,126.8890
16.3322,-46.4869,-19.4720,127.0452
16.3565,-39.4644,-20.7102,133.3347
16.3811,-37.1972,-25.4064,132.1554
16.4047,-32.2307,-23.2700,138.4162
16.4297,-38.2088,-19.8889,135.0967
16.4618,-38.5745,-19.7617,134.8219
16.4887,-29.4090,-19.5122,143.5679
16.5141,-33.0930,-17.1532,141.6427
16.5416,-29.9282,-15.4092,145.5797
16.5690,-19.8283,-22.1672,149.5114
16.5929,-19.8885,-19.1269,151.8147
16.6181,-32.3896,-18.9278,141.2274
16.6406,-28.2500,-18.9168,144.9912
16.6677,-21.3767,-26.0170,145.2277
16.6941,-16.2890,-25.9746,148.6619
16.7189,-21.6629,-21.3248,148.7896
16.7547,-23.0054,-17.7091,150.3141
16.7851,-15.2361,-21.6952,153.0276
16.8155,-16.6706,-23.7922,150.3291
16.8420,-17.3452,-18.6436,154.0796
16.8702,-16.3421,-15.0165,157.5118
16.8977,-9.4442,-24.0287,153.9591
16.9239,-17.9612,-24.9505,148.4978
16.9514,-6.6264,-18.8744,159.9122
16.9786,-11.0926,-19.8894,156.9932
17.0062,-13.9716,-22.1877,153.3700
17.0358,-7.4511,-19.9768,158.5663
17.0632,-0.8376,-12.9484,167.0236
17.0903,-16.6883,-4.9204,162.5604
17.1167,-4.0857,-12.6766,166.6603
17.1456,4.8411,-12.1091,166.9317
17.1746,-5.1044,-13.6591,165.3834
17.2037,1.5059,-12.6441,167.2636
17.2318,0.5026,-10.6168,169.3711
17.2586,12.2690,-10.9279,163.4548
17.2849,16.4740,-11.2936,159.8408
17.3103,15.7575,-9.9475,161.2250
17.3381,11.3815,-7.6827,166.2102
17.3673,14.6542,-19.1966,155.4889
17.3943,17.8817,-16.3794,155.3612
17.4216,15.1734,-12.8957,159.8810
17.4488,14.5961,-17.6515,156.7793
17.4769,22.5612,-13.4352,153.3500
17.5049,25.8019,-11.9219,151.1973
17.5340,21.4992,-16.0364,152.6813
17.5645,27.8065,-2.3596,152.0760
17.5916,31.6676,-1.3205,148.2984
17.6189,32.2949,-13.4780,144.3451
17.6459,28.1635,-24.7849,140.8554
17.6736,28.2742,-15.1451,147.2506
17.7013,35.5931,-3.6017,144.1684
17.7273,36.8671,-6.9976,142.2508
17.7549,34.4374,-11.1240,143.3082
17.7835,32.4361,-13.2731,144.3077
17.8120,37.4645,-10.1366,140.7119
17.8404,42.2784,-6.1452,137.0628
17.8777,41.5984,-1.6990,138.3509
17.9051,42.0843,-7.1503,137.0247
17.9308,44.3623,-14.2841,132.1450
17.9577,53.4019,-6.3995,125.8515
17.9853,56.3609,-6.5601,122.8233
18.0112,49.4008,-10.1001,128.8063
18.0391,52.6694,-15.2667,123.1110
18.0686,61.3834,-2.9811,118.4319
18.0953,59.5118,-0.3170,120.4862
18.1210,64.2311,-6.3765,114.8546
18.1472,52.2946,-13.0916,124.6186
18.1764,54.8573,-17.9857,119.0640
18.2031,60.4905,-13.3455,115.7940
18.2303,63.8329,-1.9143,116.0862
18.2563,65.1024,-0.4907,114.8921
18.2844,63.5855,-6.5085,115.4789
18.3116,63.9650,-5.6937,115.3128
18.3375,68.1152,-6.6813,110.7395
18.3627,68.2495,-4.0616,111.3296
18.3875,65.1174,-7.8027,113.4692
18.4123,61.2438,-13.4145,114.9262
18.4358,60.1971,-17.5825,113.2463
18.4608,65.3869,-13.6181,110.0934
18.4833,69.4277,-7.4030,109.0816
18.5085,70.2349,-5.8190,108.8207
18.5315,67.3273,-5.5062,111.9212
18.5559,66.5834,-11.2310,110.2683
18.5864,64.7763,-11.0237,112.3862
18.6135,69.4552,-8.9501,108.3350
18.6395,63.8165,-12.4059,112.6696
18.6659,64.5464,-14.3626,110.5465
18.6914,66.4861,-8.6905,111.6696
18.7175,67.2362,-10.7695,109.8051
18.7451,64.0504,-6.1782,115.0963
18.7699,63.6499,-4.8373,115.8343
18.7978,68.4710,-6.5124,110.4265
18.8258,52.1305,-17.0613,122.6300
18.8533,47.8595,-17.5429,126.8294
18.8802,51.1691,-12.3865,126.0996
18.9071,53.3270,-10.8537,124.5264
18.9339,56.9152,-16.6885,117.6610
18.9610,55.4512,-4.9375,124.0930
18.9880,55.3100,-7.2374,123.7120
19.0144,58.8293,-8.9000,119.5990
19.0412,34.0412,-50.3779,72.2123
19.0671,-3.8350,72.1673,107.3883
19.0942,33.3045,-3.2112,146.4999
19.1225,26.3722,-27.0800,140.5025
19.1519,29.7901,-16.5538,145.0597
19.1808,29.6429,-14.3036,146.4362
19.2080,19.9424,-8.3740,158.2309
19.2344,22.1803,-2.3697,157.6799
19.2602,8.2386,-22.0485,156.3085
19.2886,20.3977,-10.9613,156.6074
19.3159,25.2881,-5.6014,154.0122
19.3420,25.8870,0.0697,154.1129
19.3678,18.8031,-11.0821,157.9584
19.3942,22.9012,-13.7467,152.8732
19.4207,25.3220,-9.0617,152.8848
19.4475,21.7366,-5.3836,157.5399
19.4748,13.8537,-17.3533,157.5124
19.5015,21.7272,-18.9410,150.5054
19.5300,11.6196,-1.2124,168.3156
19.5560,23.6390,-2.9279,156.1582
19.5835,28.0158,-0.9680,151.9645
19.6106,9.9717,-18.2536,159.0286
19.6378,13.0763,-12.2394,161.9377
19.6652,17.4541,-8.5607,160.4367
19.6951,18.8755,-2.1534,160.9928
19.7214,22.2523,-9.7963,155.4710
19.7483,10.9134,-14.4631,161.7355
19.7746,6.1476,-17.2727,161.6004
19.8019,8.3084,-9.5964,167.2548
19.8283,12.2326,-5.2159,166.6700
19.8548,11.8992,-2.8239,167.7608
19.8816,6.3359,-14.6808,163.9534
19.9082,5.7404,-11.0425,167.5211
19.9394,6.5484,-10.2747,167.7775
19.9652,3.0336,-13.2019,166.4417
19.9891,-10.5944,-7.9404,166.7047
20.0147,-6.1089,-8.0957,169.8333
20.0414,-3.6793,-2.3862,175.6129
20.0654,-10.6094,-6.2747,167.6368
20.0909,-14.8816,-15.8754,157.9625
20.1180,-12.5823,-15.6856,159.6838
20.1417,-8.8527,-7.3440,168.4597
20.1678,-9.2925,-2.6215,170.3385
20.1915,-15.1526,-15.5375,158.0207
20.2169,-17.5853,-17.3886,154.8519
20.2432,-12.3926,-4.8814,166.6521
20.2689,-7.3765,-0.5297,172.6043
20.2946,-3.8722,-1.1320,175.9652
20.3205,-6.4900,-4.1882,172.2662
20.3424,-17.2581,-16.5155,155.7393
20.3672,-11.5374,-19.4206,157.1686
20.3906,-11.0360,-11.4129,164.0191
20.4151,-13.9791,-9.7311,162.8526
20.4406,-14.3480,-8.8974,163.0153
20.4654,-19.3909,-15.1806,154.9853
20.4911,-21.9645,-15.8570,152.4059
20.5137,-16.2115,-15.9266,156.9546
20.5389,-12.2807,-10.4064,163.7965
20.5639,-15.5630,-6.9392,162.8877
20.5901,-22.5107,-12.4708,153.9244
20.6157,-19.3815,-13.3046,156.1815
20.6441,-11.3251,-15.0102,161.0331
20.6665,-16.2040,-8.7852,161.4507
20.6907,-28.5103,-17.7971,145.4733
20.7125,-18.9250,-16.5656,154.4160
20.7369,-5.6458,-14.3821,164.5047
20.7750,0.6918,-9.9908,169.9848
20.7988,-15.9195,-1.8924,163.9625
20.8242,-23.8700,-9.9225,153.9073
20.8487,-14.9884,-20.3334,154.3315
20.8729,-7.9760,-21.2665,157.1486
20.8981,-14.4315,-14.9265,158.9974
20.9203,-19.8893,-8.8025,158.0970
20.9449,-2.9659,-18.1883,161.5546
20.9680,1.1990,-16.6442,163.3102
20.9923,-15.1312,-15.7935,157.8450
21.0152,-5.4016,-20.8286,158.4185
21.0407,-0.1147,-23.2268,156.7728
21.0651,-5.5177,-23.5484,155.7367
21.0897,-5.8432,-26.6049,152.6605
21.1123,-4.7203,-22.3009,157.1518
21.1375,-1.7337,-15.5961,164.3029
21.1608,3.8334,-24.0756,155.5824
21.1855,0.8572,-20.8952,159.0856
21.2091,-3.1622,-20.4579,159.2774
21.2407,3.5466,-21.3395,158.3391
21.2683,10.0311,-26.6816,151.2079
21.2934,0.7879,-21.0543,158.9296
21.3166,-4.8390,-7.3715,171.1673
21.3420,10.4179,-25.0503,152.5865
21.3683,12.5955,-24.4964,152.0641
21.3955,-9.0883,-12.9137,164.1173
21.4219,1.8945,-11.6420,168.2005
21.4588,7.1492,-10.3059,167.4123
21.4846,3.8998,-20.3748,159.2225
21.5115,-0.6177,-13.5201,166.4652
21.5368,12.3338,-17.1693,158.6309
21.5600,11.4998,-14.3176,161.4791
21.5861,1.1702,-12.3151,167.6277
21.6101,5.0629,-15.0913,164.0435
21.6328,13.9848,-14.7736,159.4319
21.6579,16.5720,-8.1433,161.4303
21.6825,5.2075,-10.8074,167.9761
21.7080,-2.1023,-18.4267,161.4451
21.7328,3.6928,-16.4458,163.1215
21.7572,9.6681,-19.9180,157.6774
21.7826,10.2040,-17.3825,159.6762
21.8056,1.4712,-15.0525,164.8724
21.8300,4.2026,-17.7136,161.7623
21.8573,6.8539,-13.1227,165.1381
21.8860,7.2403,-22.5829,156.1607
21.9114,1.8693,-19.7909,160.1136
21.9330,0.1009,-21.6788,158.3209
21.9587,-0.5182,-27.3241,152.6701
21.9834,5.4120,-16.9022,162.2024
22.0082,3.8705,-15.0757,164.4124
22.0323,-4.5285,-18.7911,160.6308
22.0573,-5.4861,-23.2264,156.0594
22.0821,-4.2824,-20.6364,158.8839
22.1072,9.2646,-21.4432,156.4556
22.1315,-0.7583,-19.7004,160.2838
22.1571,-5.8531,-17.2153,161.7575
22.1820,-0.1094,-22.3157,157.6840
22.2034,5.4435,-27.5091,151.8663
22.2296,-1.2045,-17.4919,162.4640
22.2556,-9.8793,-14.6382,162.2146
22.2812,-4.9030,-23.2831,156.1459
22.3193,5.1477,-15.8152,163.3261
22.3530,-8.9823,-8.7708,167.3945
22.3766,-14.9200,-20.2840,154.4165
22.4017,-4.3730,-17.3163,162.1060
22.4249,7.3549,-17.8424,160.6057
22.4498,-5.8311,-14.2239,164.5803
22.4736,-19.0250,-11.8055,157.3647
22.4984,-11.4339,-12.4613,162.9613
22.5214,-0.6327,-13.5924,166.3924
22.5472,-5.5104,-3.2086,173.6185
22.5720,-19.5432,-9.8072,157.9517
22.5960,-21.4437,-14.5933,153.6407
22.6254,-13.7528,-23.5163,152.3245
22.6495,-10.2516,-15.5403,161.2378
22.6738,-18.3910,-3.8776,161.1757
22.6987,-18.6030,-16.3856,154.7956
22.7285,-12.3655,-7.9460,165.2328
22.7578,-10.3873,22.9434,154.5642
22.7850,-10.0548,-2.7211,169.5761
22.8123,-8.4266,-29.6339,148.9548
22.8374,-5.6745,-20.2858,158.8674
22.8710,-6.9145,-13.1693,165.0675
22.8954,-17.4135,-16.8087,155.4081
22.9207,-6.5649,-25.0083,154.0277
22.9429,-6.2170,-23.8468,155.2572
22.9679,-5.8607,-8.2371,169.8670
22.9912,-19.3187,-17.7790,153.2435
23.0160,-8.7214,-16.3027,161.3947
23.0383,2.2666,-14.5484,165.2684
23.0632,5.5089,-10.9510,167.7107
23.0854,-2.9785,0.0560,177.0210
23.1097,-2.6448,1.0415,177.1573
23.1342,-1.9744,-4.2668,175.2970
23.1587,4.8522,-5.7497,172.4659
23.1822,7.3556,-6.2750,170.3088
23.2057,0.8201,-4.1499,175.7695
23.2308,-7.8692,-14.5628,163.3634
23.2541,3.7038,-20.5990,159.0406
23.2782,11.1935,-21.1793,155.7866
23.2996,5.1354,-12.5800,166.3802
23.3246,-8.8376,-5.3973,169.6220
23.3511,0.7651,-6.3741,173.5798
23.3775,1.7689,-15.6286,164.2665
23.4051,3.7198,-18.4288,161.1728
23.4311,5.3255,-17.0495,162.0891
23.4570,3.9533,-8.0894,170.9846
23.4822,-6.9582,-21.5158,157.2788
23.5092,-11.1530,-4.3079,168.0240
23.5356,0.6000,-9.3231,170.6572
23.5623,5.6275,-2.0528,174.0075
23.5896,-1.0701,-11.5833,168.3660
23.6159,4.3349,-18.6186,160.8470
23.6426,6.9026,-15.7710,162.7118
23.6679,7.5606,-13.8171,164.1768
23.6966,2.3650,-14.3206,165.4771
23.7235,-3.2298,-17.5092,162.1763
23.7501,0.2482,-14.7520,165.2458
23.7762,4.9582,-13.5911,165.4999
23.8042,-2.0898,-15.4685,164.3839
23.8329,-5.7919,-14.6798,164.1708
23.8569,-1.0711,-4.8675,175.0155
23.8841,6.9963,-13.2797,164.9299
23.9108,4.0217,-15.0229,164.4235
23.9380,-4.2475,-33.4181,146.2409
23.9640,-12.6208,0.8628,167.3488
23.9902,-0.0424,-13.2979,166.7020
24.0186,11.0889,-20.8934,156.0971
24.0442,-12.5242,-19.8529,156.2382
24.0695,-15.9811,4.4328,163.3836
24.0925,0.1637,4.0585,175.9382
24.1196,-1.7209,-19.2729,160.6444
24.1459,5.9460,-17.5368,161.4201
24.1746,-8.5375,9.3634,167.2764
24.2009,-1.4198,1.3260,178.0571
24.2273,-8.2635,-21.5827,156.7387
24.2532,7.3572,-16.9221,161.4583
24.2800,-6.1074,2.4391,173.4201
24.3071,3.8215,-2.2737,175.5516
24.3337,-11.1044,-17.3118,159.2396
24.3601,-15.4374,-8.7840,162.1287
24.3875,-5.7284,-1.6528,174.0364
24.4143,3.2132,-25.9084,153.8633
24.4408,-11.4366,-6.3134,166.8951
24.4664,-9.2541,-3.9290,169.9329
24.4934,-6.5096,-5.3703,171.5463
24.5208,-11.8639,-15.1778,160.5560
24.5468,-17.3247,-12.9492,158.1189
24.5743,-4.5277,-16.9279,162.4415
24.6009,-3.9275,-16.5032,163.0097
24.6284,-19.2560,-11.6189,157.2679
24.6541,-21.7328,-11.2542,155.2561
24.6792,-14.0197,-12.4439,161.0814
24.7043,-16.7781,-19.3202,153.9550
24.7321,-15.8997,-17.1398,156.2736
24.7589,-19.5296,-18.9081,152.2524
24.7859,-16.4635,-14.1512,158.0199
24.8114,-11.9109,-16.2185,159.6787
24.8386,-13.1958,-19.5756,156.0821
24.8652,-23.4891,-21.4999,147.2166
24.8902,-19.2778,-22.3237,149.7837
24.9157,-9.3986,-21.2288,156.5959
24.9428,-1.9924,-23.0609,156.8432
24.9689,-8.3713,-21.5521,156.7250
24.9949,-15.1013,-21.6842,153.1213
25.0213,-10.2312,-22.6410,154.9153
25.0478,-10.9908,-17.1817,159.4158
25.0742,-8.6276,-16.8501,160.9505
25.1002,-11.3750,-20.9431,155.9054
25.1277,-10.7121,-24.4754,152.9937
25.1559,-13.7334,-24.1384,151.7800
25.1849,-5.8141,-21.8766,157.2858
25.2122,-7.5408,-22.7261,155.9203
25.2398,-11.6885,-21.7928,154.9802
25.2666,-9.3082,-24.7817,153.3020
25.2932,-7.0015,-23.0441,155.7965
25.3201,-7.4656,-19.8989,158.6343
25.3491,-10.5467,-23.3723,154.0941
25.3781,-8.7457,-21.7716,156.3678
25.4048,-13.4068,-23.1842,152.8132
25.4304,-10.9424,-21.7378,155.4069
25.4570,-10.2871,-20.4453,156.9014
25.4836,-12.8560,-21.3491,154.7442
25.5099,-11.7626,-20.5294,156.0690
25.5368,-12.6222,-24.9178,151.6657
25.5646,-10.5676,-21.9270,155.4158
25.5911,-10.2514,-19.0453,158.1800
25.6193,-9.8982,-19.2971,158.1300
25.6477,-10.2656,-25.3400,152.3797
25.6750,-10.3331,-22.4051,155.0865
25.7009,-9.8027,-20.0008,157.5383
25.7276,-10.4764,-19.5698,157.5965
25.7542,-14.6016,-20.2851,154.6176
25.7829,-12.2040,-20.9223,155.4819
25.8111,-10.5861,-22.0632,155.2823
25.8392,-13.7137,-17.5346,157.4574
25.8684,-11.1430,-20.7704,156.1799
25.8944,-11.6585,-18.4251,157.9668
25.9206,-12.3785,-20.8589,155.4417
25.9485,-13.2099,-20.4493,155.3247
25.9757,-9.1157,-21.0782,156.8593
26.0027,-8.4900,-20.5414,157.6243
26.0289,-12.1199,-21.6408,154.8895
26.0548,-13.9563,-21.7198,153.7862
26.0807,-12.0930,-20.1668,156.2080
26.1070,-11.3140,-20.2120,156.5898
26.1336,-11.2533,-20.1892,156.6421
26.1604,-14.8657,-20.6325,154.1591
26.1876,-10.5536,-21.6683,155.6592
26.2167,-4.9161,-20.8546,158.5206
26.2446,-10.1156,-21.3023,156.2017
26.2726,-12.6158,-19.4260,156.5534
26.3006,-10.5627,-22.6972,154.7106
26.3451,-9.3240,-18.0992,159.4899
26.3734,-14.6914,-17.8518,156.5553
26.4003,-14.8448,-18.2176,156.1592
26.4264,-15.1417,-15.7168,157.8949
26.4589,-9.4730,-16.3603,160.9596
26.4912,-11.2758,-18.2880,158.3011
26.5157,-11.1780,-19.6555,157.1557
26.5414,-15.0278,-23.6972,151.4266
26.5670,-14.0705,-19.9480,155.2331
26.5917,-14.1521,-19.5658,155.5031
26.6180,-11.0807,-15.1290,161.0877
26.6464,-12.4222,-17.0218,158.6986
26.6687,-10.9502,-18.5548,158.2476
26.6931,-10.8052,-21.5748,155.6225
26.7161,-14.3125,-18.6172,156.1860
26.7408,-14.0063,-19.2680,155.8436
26.7699,-13.0201,-16.6157,158.6516
26.7953,-17.7994,-18.5816,153.7958
26.8230,-13.6518,-19.7691,155.6419
26.8479,-9.7857,-20.7236,156.8861
26.8735,-12.0657,-17.0809,158.8685
26.8969,-10.7457,-16.8982,159.7980
26.9217,-12.6303,-16.2385,159.2080
26.9451,-16.7037,-17.1326,155.6964
26.9689,-13.3829,-19.3344,156.1737
26.9922,-15.2441,-21.3291,153.3328
27.0171,-10.6609,-17.6598,159.1868
27.0432,-12.7316,-17.4757,158.1306
27.0680,-12.5179,-18.8906,157.0694
27.0919,-14.6007,-19.3132,155.4273
27.1176,-11.1135,-19.2743,157.5270
27.1414,-9.9975,-20.8860,156.6384
27.1673,-12.1261,-19.2849,156.9577
27.1941,-10.2303,-20.6413,156.7509
27.2230,-12.0816,-19.1309,157.1162
27.2506,-14.8727,-18.1205,156.2184
27.2772,-14.1516,-17.6642,157.0655
27.3042,-12.6077,-18.0426,157.7339
27.3302,-13.8636,-18.7153,156.3930
27.3565,-11.0143,-20.5759,156.4205
27.3825,-12.6649,-16.7893,158.7377
27.4096,-12.8263,-18.1435,157.5158
27.4379,-10.9482,-18.0791,158.6642
27.4640,-14.1634,-18.4580,156.4129
27.4901,-12.2156,-18.0122,157.9953
27.5164,-12.9120,-16.9937,158.4137
27.5438,-11.7668,-18.1867,158.1097
27.5707,-16.1708,-16.4388,156.6062
27.5976,-13.3911,-18.4693,156.8945
27.6242,-11.8165,-17.8082,158.4041
27.6525,-12.3665,-17.5329,158.3078
27.6801,-10.5988,-19.9176,157.2227
27.7057,-13.9361,-18.3801,156.6233
27.7327,-14.6855,-16.1330,157.9054
27.7592,-12.4090,-17.2378,158.5277
27.7867,-12.9502,-16.2074,159.0257
27.8123,-13.3114,-15.8109,159.1012
27.8409,-14.6791,-18.8722,155.7386
27.8669,-10.7109,-19.1957,157.8094
27.8937,-12.9945,-16.6352,158.6524
27.9203,-9.9962,-16.8454,160.2570
27.9479,-13.5925,-15.8730,158.8625
27.9746,-13.1958,-17.2063,158.0588
28.0017,-13.2917,-16.5641,158.5160
28.0280,-13.5545,-16.9334,158.0469
28.0555,-10.6880,-19.5163,157.5361
28.0793,-11.5307,-16.1954,159.9312
28.1169,-10.2918,-17.0784,159.8942
28.1451,-12.1730,-15.7906,159.8634
28.1727,-12.9782,-16.4151,158.8406
28.2014,-13.2973,-16.3518,158.6821
28.2255,-13.2735,-15.9724,158.9992
28.2502,-12.6014,-17.5837,158.1215
28.2722,-13.1354,-19.2988,156.3539
28.2971,-14.3530,-16.2655,158.0354
28.3204,-13.4059,-16.7904,158.2594
28.3460,-12.2668,-16.9291,158.8716
28.3674,-10.2620,-17.3108,159.7077
28.3927,-14.6391,-14.7126,159.0047
28.4311,-14.8011,-16.3459,157.6608
28.4554,-14.2138,-15.5151,158.7093
28.5016,-13.5371,-16.3582,158.5176
28.5255,-12.7045,-16.5172,158.9344
28.5502,-11.6311,-15.1185,160.7523
28.5754,-11.6726,-16.2133,159.8298
28.5997,-12.9021,-16.4017,158.9007
28.6248,-13.2346,-16.0966,158.9267
28.6467,-14.6767,-16.4012,157.7054
28.6726,-14.3047,-16.3504,158.0028
28.6985,-12.8051,-15.6714,159.5488
28.7225,-13.1622,-16.2995,158.8129
28.7479,-14.7587,-15.2192,158.5432
28.7744,-16.4551,-13.7370,158.3071
28.7984,-15.5098,-15.2450,157.9740
28.8235,-12.9553,-16.4522,158.8255
28.8448,-12.1892,-17.4505,158.4843
28.8698,-14.7834,-13.3141,159.8964
28.8933,-16.4065,-13.3939,158.5746
28.9187,-13.6074,-16.2244,158.5764
28.9435,-11.3438,-14.8871,161.1213
28.9681,-10.5489,-15.3836,161.1968
28.9925,-15.0642,-16.5352,157.3302
29.0159,-19.4333,-15.6116,154.6642
29.0419,-13.9253,-14.6520,159.5654
29.0650,-8.6963,-16.7943,160.9674
29.0903,-14.4293,-15.2218,158.7782
29.1153,-15.5035,-16.8628,156.7680
29.1393,-12.1971,-17.3620,158.5537
29.1649,-11.9288,-15.5528,160.2116
29.1865,-13.1115,-13.7970,160.7834
29.2115,-14.7517,-18.1863,156.2466
29.2342,-14.1950,-18.7141,156.1823
29.2590,-12.9231,-16.6814,158.6609
29.2841,-11.6936,-15.4678,160.4292
29.3094,-12.6038,-13.3760,161.4571
29.3342,-17.1046,-13.1058,158.1995
29.3577,-17.5470,-16.1172,155.8060
29.3816,-10.9436,-12.2654,163.4468
29.4056,-12.0759,-13.3372,161.8552
29.4308,-14.8562,-14.2862,159.1543
29.4547,-19.3362,-11.4589,157.2857
29.4802,-15.5874,-11.5972,160.3919
29.5034,-14.4661,-13.9696,159.6721
29.5289,-14.5660,-14.4510,159.2497
29.5519,-13.5478,-13.1389,160.9486
29.5748,-12.8702,-13.0640,161.4975
29.6002,-13.3601,-11.0249,162.5459
29.6221,-15.4461,-8.6214,162.2045
29.6472,-13.8883,-11.8570,161.5811
29.6711,-14.6906,-12.5522,160.4893
29.6957,-16.1486,-13.9678,158.3914
29.7197,-17.5934,-10.3533,159.4116
29.7445,-15.5478,-12.7839,159.6609
29.7785,-12.7075,-13.5994,161.2169
29.8042,-12.6035,-12.8347,161.8575
29.8270,-13.3545,-14.0737,160.4043
29.8546,-16.5618,-12.2252,159.2007
29.8823,-14.5331,-11.8824,161.0585
29.9100,-12.9849,-13.2473,161.2805
29.9365,-15.5172,-11.8727,160.2760
29.9652,-15.1080,-12.4238,160.2472
29.9926,-13.2621,-12.3852,161.6963
30.0198,-12.5010,-13.2350,161.6349
30.0489,-13.7424,-11.4921,161.9381
30.0775,-12.0604,-10.8434,163.6709
30.1076,-14.9302,-8.9550,162.4815
30.1349,-14.7359,-10.4578,161.7910
30.1626,-12.2252,-9.2264,164.5969
30.1903,-10.8860,-8.9322,165.8485
30.2175,-11.4289,-11.6321,163.5788
30.2463,-15.0453,-9.9886,161.8082
30.2752,-10.5285,-12.0558,163.8883
30.3035,-12.2429,-11.7391,162.9099
30.3337,-14.2181,-9.3448,162.8763
30.3641,-13.3157,-8.5976,164.0630
30.3932,-10.9609,-9.7513,165.2480
30.4202,-13.4989,-9.8833,163.1577
30.4489,-12.4004,-10.8162,163.4302
30.4759,-12.7257,-10.6430,163.2938
30.5027,-11.3094,-10.3097,164.6036
30.5303,-13.5847,-10.4574,162.7321
30.5587,-12.8045,-10.6975,163.1964
30.5869,-12.6829,-8.6826,164.5471
30.6138,-10.2407,-10.1379,165.5120
30.6411,-13.3461,-11.7176,162.0941
30.6671,-12.8299,-11.6113,162.5605
30.6940,-9.2373,-10.0178,166.3081
30.7131,-11.9692,-9.5702,164.5855
30.7325,-12.6222,-10.3767,163.5495
30.7513,-13.0074,-9.9336,163.5260
30.7706,-11.5504,-9.8928,164.7022
30.7890,-9.3016,-9.6380,166.5432
30.8073,-10.3518,-9.4708,165.8981
30.8294,-11.9160,-10.7855,163.8197
30.8487,-14.1295,-9.9325,162.6082
30.8673,-14.5234,-10.0556,162.2073
30.8856,-12.7804,-11.0856,162.9565
30.9037,-14.1813,-10.0271,162.5087
30.9227,-11.3424,-9.6713,165.0097
30.9414,-10.7512,-8.2331,166.3983
30.9596,-10.6380,-8.8150,166.1180
30.9781,-9.6014,-9.8732,166.1601
30.9963,-10.8561,-11.0719,164.3962
31.0147,-10.0575,-11.6105,164.5461
31.0326,-11.6517,-11.8176,163.2839
31.0514,-11.5033,-10.3142,164.4543
31.0709,-15.0814,-10.3734,161.5534
31.0897,-16.8566,-7.6732,161.3829
31.1079,-17.3295,-7.0362,161.2118
31.1269,-13.8012,-7.6096,164.1664
31.1453,-12.1242,-7.9773,165.4195
31.1638,-12.4285,-8.2398,165.0147
31.1823,-11.9916,-9.5451,164.5838
31.2005,-11.9819,-8.8736,165.0107
31.2189,-11.6333,-7.1349,166.3005
31.2367,-12.6235,-7.4131,165.2983
31.2550,-12.3395,-7.2820,165.6132
31.2730,-13.6467,-8.2806,163.9535
31.2921,-12.5705,-11.3760,162.9189
31.3103,-13.7457,-10.9290,162.3031
31.3286,-14.9695,-10.6872,161.4591
31.3464,-12.8867,-10.3123,163.3825
31.3647,-12.0756,-7.7293,165.5991
31.3830,-12.3444,-6.5881,165.9584
31.4019,-12.4190,-9.2251,164.4407
31.4207,-12.6375,-11.6403,162.6855
31.4393,-12.1623,-12.3802,162.5071
31.4598,-11.9787,-10.6540,163.8622
31.4790,-12.3169,-10.6201,163.6261
31.5013,-14.2521,-9.3554,162.8416
31.5257,-16.7852,-7.4888,161.5285
31.5440,-13.2364,-9.4237,163.6509
31.5626,-12.8245,-12.6218,161.8518
31.5804,-13.4664,-12.2814,161.6150
31.5988,-11.9868,-11.4389,163.3115
31.6174,-14.8218,-9.2829,162.3966
31.6361,-15.4092,-9.7401,161.6393
31.6541,-13.6260,-10.4255,162.7188
31.6730,-14.3600,-10.0047,162.3737
31.6911,-14.4896,-9.2835,162.6804
31.7099,-14.2629,-9.9306,162.4984
31.7277,-12.9159,-10.2385,163.4065
31.7466,-12.6813,-10.5938,163.3609
31.7652,-12.2153,-10.5118,163.7769
31.7831,-13.7147,-9.4570,163.2344
31.8008,-13.1410,-11.5778,162.3465
31.8196,-12.3473,-13.0870,161.8538
31.8384,-12.3154,-13.3805,161.6562
31.8572,-12.0831,-11.4439,163.2367
31.8751,-11.5806,-10.7125,164.1221
31.8936,-12.3793,-10.6057,163.5876
31.9114,-12.9763,-10.4573,163.2181
31.9294,-13.3357,-10.1331,163.1363
31.9470,-11.9182,-11.0461,163.6379
31.9657,-11.3684,-9.8205,164.8904
31.9838,-11.0098,-6.8963,166.9626
32.0023,-11.0708,-8.1848,166.1701
32.0204,-10.4001,-12.3274,163.7644
32.0388,-10.8048,-11.7783,163.9100
32.0568,-9.8790,-11.9687,164.3863
32.0751,-9.9783,-12.1807,164.1555
32.0932,-11.3374,-11.6308,163.6451
32.1117,-12.7120,-10.0718,163.6753
32.1294,-14.7471,-8.4787,162.8922
32.1479,-14.8577,-9.1751,162.4250
32.1656,-15.1946,-8.1602,162.6586
32.1842,-12.9566,-7.8529,164.7778
32.2018,-12.6751,-8.4988,164.6596
32.2203,-14.6768,-5.4578,164.2982
32.2380,-13.1270,-7.3361,164.8976
32.2562,-11.7418,-7.0164,166.2699
32.2741,-8.8302,-9.2724,167.1414
32.2926,-9.7408,-9.2020,166.5377
32.3105,-9.3167,-9.5310,166.6103
32.3294,-8.7052,-10.2775,166.4695
32.3471,-8.7529,-9.7751,166.8208
32.3657,-8.6131,-11.4845,165.5734
32.3835,-8.3685,-10.7291,166.3316
32.4019,-10.5086,-10.6246,164.9692
32.4201,-11.5782,-10.1401,164.5154
32.4381,-10.2754,-10.4332,165.2744
32.4562,-10.7727,-7.6154,166.7543
32.4742,-10.4756,-8.5686,166.4044
32.4923,-10.5135,-7.7567,166.8819
32.5106,-12.7972,-8.2462,164.6995
32.5283,-12.5558,-6.4148,165.8525
32.5467,-10.9436,-5.8016,167.5799
32.5649,-9.3454,-8.3293,167.4313
32.5830,-10.7843,-9.1261,165.8010
32.6016,-13.4475,-7.5782,164.4936
32.6196,-14.6684,-6.6340,163.8393
32.6381,-12.8829,-7.6759,164.9354
32.6560,-11.5091,-8.0591,165.8860
32.6744,-9.7926,-8.5656,166.9337
32.6925,-11.6042,-7.4597,166.1484
32.7107,-13.4041,-7.7600,164.4385
32.7286,-15.2088,-8.8365,162.3017
32.7472,-13.7200,-8.4283,163.8106
32.7649,-13.0256,-6.5058,165.3885
32.7833,-12.5547,-6.9015,165.6187