time,acceleration x,acceleration y,acceleration z,gyroscope x,gyroscope y,gyroscope z
0.0130,2.7031,0.1245,-9.9144,0.0032,-0.0106,0.2366
0.0264,2.6743,0.0790,-9.8258,0.0037,-0.0099,0.1908
0.0395,2.6384,0.1724,-9.6774,0.0050,-0.0121,0.2824
0.0529,2.7246,0.0838,-9.8330,0.0046,-0.0113,0.0840
0.0666,2.6288,0.0838,-9.9479,0.0054,-0.0116,0.3359
0.0806,2.7054,0.1365,-9.8186,0.0038,-0.0132,-0.0458
0.0946,2.7007,0.1508,-9.7683,0.0044,-0.0138,0.0611
0.1083,2.6959,0.1077,-9.6558,0.0037,-0.0097,0.3664
0.1221,2.6408,0.1053,-9.7659,0.0031,-0.0114,0.2977
0.1361,2.6288,0.1317,-9.8426,0.0037,-0.0106,0.0840
0.1500,2.6600,0.1484,-9.8881,0.0033,-0.0112,0.1527
0.1636,2.7102,0.1006,-9.8569,0.0047,-0.0111,0.1374
0.1781,2.6743,0.0694,-9.7875,0.0034,-0.0120,0.3053
0.1927,2.6959,0.0934,-9.6989,0.0040,-0.0125,0.2214
0.2067,2.6935,0.1030,-9.8114,0.0023,-0.0124,0.1756
0.2212,2.7390,0.0934,-9.8186,0.0031,-0.0121,1.9160
0.2348,2.7102,0.0000,-9.8258,0.0040,-0.0133,0.2214
0.2526,2.6312,0.0096,-9.8186,0.0031,-0.0115,0.2672
0.2715,2.6624,0.1006,-9.8689,0.0055,-0.0110,0.2366
0.2900,2.6671,0.0646,-9.8114,0.0026,-0.0115,0.1603
0.3082,2.6695,0.1245,-9.6917,0.0037,-0.0107,0.2290
0.3268,2.6935,0.0024,-9.7899,0.0043,-0.0132,0.2748
0.3452,2.6935,0.1077,-9.7827,0.0023,-0.0118,0.1145
0.3636,2.6959,0.1413,-9.7276,0.0031,-0.0110,0.2290
0.3819,2.6863,0.1221,-9.7205,0.0031,-0.0127,0.2061
0.4005,2.6480,0.1341,-9.9359,0.0047,-0.0111,0.1985
0.4195,2.6432,0.0958,-9.7995,0.0027,-0.0119,0.2519
0.4380,2.6169,0.0910,-9.8378,0.0054,-0.0118,0.3740
0.4569,2.7390,0.1413,-9.8593,0.0040,-0.0114,0.2443
0.4760,2.6576,0.1101,-9.6941,0.0041,-0.0111,0.2824
0.4946,2.6743,0.1101,-9.6750,0.0046,-0.0130,0.2824
0.5136,2.7198,0.1125,-9.7755,0.0040,-0.0113,0.2214
0.5325,2.7318,0.0072,-9.8497,0.0027,-0.0112,0.1985
0.5517,2.7150,0.0144,-9.7899,0.0039,-0.0104,0.1145
0.5701,2.6695,0.2777,-9.7827,0.0048,-0.0126,0.3053
0.5883,2.7054,0.1460,-9.7612,0.0045,-0.0110,0.1221
0.6060,2.7342,0.0910,-9.8234,0.0042,-0.0115,0.1374
0.6244,2.6456,0.0862,-9.6750,0.0037,-0.0118,0.1832
0.6431,2.6671,0.2993,-9.8378,0.0048,-0.0117,0.1985
0.6619,2.7150,0.0790,-9.7995,0.0044,-0.0122,0.2824
0.6807,2.6576,0.1341,-9.7588,0.0032,-0.0112,0.1603
0.6991,2.6887,0.1245,-9.8162,0.0031,-0.0118,0.1450
0.7179,2.6935,0.1437,-9.8066,0.0043,-0.0110,0.1298
0.7365,2.6504,0.0694,-9.8090,0.0044,-0.0137,0.2214
0.7554,2.6743,0.1077,-9.9072,0.0029,-0.0121,0.1603
0.7740,2.6935,0.0958,-9.7803,0.0040,-0.0113,0.2748
0.7927,2.6600,0.2873,-9.7659,0.0055,-0.0131,0.3282
0.8120,2.6839,0.0503,-9.7372,0.0048,-0.0120,0.3664
0.8303,2.6863,0.1365,-9.7899,0.0038,-0.0111,0.2137
0.8500,2.6264,0.1389,-9.8043,0.0045,-0.0122,0.1298
0.8678,2.6839,0.1604,-9.8282,0.0048,-0.0115,0.3359
0.8863,2.6767,0.1365,-9.7636,0.0029,-0.0116,0.1450
0.9045,2.7054,0.0742,-9.7588,0.0029,-0.0111,0.1221
0.9224,2.7270,0.1053,-9.9575,0.0045,-0.0114,0.2977
0.9412,2.6600,0.1341,-9.9216,0.0052,-0.0139,0.0000
0.9591,2.6983,0.1077,-9.9599,0.0024,-0.0132,0.1985
0.9776,2.7078,0.1245,-9.7995,0.0039,-0.0129,0.1908
0.9960,2.6767,0.1173,-9.6845,0.0052,-0.0119,0.2595
1.0149,2.6671,0.1006,-9.7971,0.0033,-0.0125,0.1298
1.0335,2.6983,0.1149,-9.8569,0.0044,-0.0114,0.2366
1.0527,2.4565,0.1006,-9.9000,0.0042,-0.0115,0.2901
1.0711,2.6336,0.1197,-9.8665,0.0037,-0.0125,0.0916
1.0904,2.6911,0.1604,-9.6798,0.0037,-0.0105,0.0992
1.1091,2.7198,0.0910,-9.7779,0.0033,-0.0135,0.2290
1.1288,2.6647,0.1604,-9.7276,0.0043,-0.0120,0.1374
1.1479,2.6073,0.0958,-9.9216,0.0044,-0.0127,0.1756
1.1678,2.6791,0.0024,-9.8569,0.0036,-0.0117,0.2290
1.1876,2.6887,0.1197,-9.7061,0.0027,-0.0120,0.2901
1.2068,2.7222,0.0048,-9.8497,0.0033,-0.0113,0.2061
1.2261,2.7078,0.0982,-9.7683,0.0045,-0.0130,0.1603
1.2451,2.6815,0.0335,-9.7875,0.0043,-0.0113,0.0992
1.2650,2.6839,0.1173,-9.7731,0.0034,-0.0111,0.0992
1.2834,2.7031,0.1173,-9.8330,0.0046,-0.0109,0.1603
1.3043,2.7078,0.1197,-9.7731,0.0039,-0.0111,0.2824
1.3229,2.7294,0.1437,-9.9096,0.0051,-0.0107,0.3740
1.3413,2.8850,0.1125,-9.8114,0.0039,-0.0120,0.1298
1.3596,2.6815,0.1101,-9.8162,0.0038,-0.0118,0.2290
1.3783,2.6911,0.0311,-9.8306,0.0032,-0.0117,0.0763
1.3969,2.7246,0.0551,-9.8234,0.0042,-0.0115,0.1832
1.4204,2.7031,0.2801,-9.8258,0.0036,-0.0113,0.0458
1.4386,2.6911,0.1484,-9.7971,0.0043,-0.0125,0.0840
1.4564,2.6480,0.1006,-9.9240,0.0031,-0.0124,0.2290
1.4748,2.5426,0.1269,-9.7157,0.0043,-0.0115,0.1832
1.4937,2.6983,0.1508,-10.1035,0.0043,-0.0117,0.1679
1.5130,2.7174,0.2562,-9.8737,0.0044,-0.0123,0.2748
1.5320,2.7294,0.0886,-9.9575,0.0040,-0.0121,0.1450
1.5512,2.7150,0.1484,-9.9240,0.0034,-0.0102,0.2366
1.5702,2.7102,0.1030,-9.8019,0.0037,-0.0113,0.1450
1.5892,2.6528,0.0934,-9.8761,0.0054,-0.0113,0.1450
1.6084,2.6624,0.1341,-9.9240,0.0031,-0.0104,0.1145
1.6275,2.6743,0.1413,-9.9144,0.0031,-0.0110,0.2901
1.6473,2.6504,0.1221,-9.6702,0.0042,-0.0119,0.3435
1.6657,2.6791,0.1030,-9.8402,0.0037,-0.0119,0.1832
1.6849,2.6145,0.2969,-9.7013,0.0040,-0.0115,0.0840
1.7033,2.7031,0.1341,-9.9479,0.0039,-0.0114,0.1832
1.7218,2.6839,0.3041,-9.7971,0.0039,-0.0117,-0.0229
1.7405,2.6671,0.2873,-9.7252,0.0048,-0.0133,0.2443
1.7600,2.7031,0.0742,-9.8258,0.0036,-0.0104,0.1985
1.7787,2.7629,0.1197,-9.8378,0.0052,-0.0110,0.1832
1.7983,2.6935,0.1437,-9.7731,0.0036,-0.0114,0.0992
1.8170,2.6863,0.1604,-9.7468,0.0041,-0.0128,0.1908
1.8355,2.6576,0.2993,-9.8785,0.0044,-0.0107,0.2595
1.8542,2.6432,0.0862,-9.8904,0.0032,-0.0126,0.2214
1.8734,2.6695,0.1197,-9.9335,0.0048,-0.0112,0.2214
1.8923,2.6480,0.1101,-9.6917,0.0046,-0.0122,0.0916
1.9113,2.6911,0.1149,-9.7947,0.0041,-0.0122,0.2366
1.9299,2.6456,0.0982,-9.7540,0.0043,-0.0107,0.2061
1.9485,2.6336,0.1077,-9.7085,0.0043,-0.0128,0.1221
1.9669,2.6504,0.2777,-9.7851,0.0040,-0.0124,0.1985
1.9858,2.6360,0.0862,-9.7324,0.0032,-0.0128,0.1908
2.0049,2.7007,0.1508,-9.7923,0.0038,-0.0119,0.2824
2.0237,2.6624,0.2682,-9.6750,0.0041,-0.0117,0.1985
2.0427,2.6935,0.0527,-9.8426,0.0025,-0.0122,0.1832
2.0622,2.6935,0.1006,-9.8114,0.0035,-0.0131,0.2061
2.0818,2.6312,0.1030,-9.7037,0.0031,-0.0116,0.1679
2.1016,2.7126,0.1101,-9.8928,0.0031,-0.0111,0.2137
2.1203,2.6504,0.0144,-9.9072,0.0055,-0.0117,0.1374
2.1405,2.6576,0.0383,-9.7085,0.0032,-0.0111,0.2061
2.1592,2.7557,0.1389,-9.8569,0.0028,-0.0124,0.2137
2.1774,2.6169,0.1389,-9.7755,0.0045,-0.0116,0.1298
2.1967,2.6528,0.1245,-9.6774,0.0033,-0.0114,0.2901
2.2151,2.7438,0.1149,-9.8043,0.0031,-0.0118,0.1985
2.2340,2.6671,0.1077,-9.8282,0.0032,-0.0123,0.0992
2.2530,2.6647,0.0694,-9.9599,0.0043,-0.0117,0.1450
2.2718,2.6576,0.1245,-9.8737,0.0044,-0.0117,0.0916
2.2933,2.7294,0.0503,-9.7588,0.0045,-0.0114,0.1832
2.3122,2.7414,0.0958,-9.8043,0.0043,-0.0124,0.1679
2.3317,2.7246,0.0838,-9.7707,0.0030,-0.0118,0.1679
2.3506,2.6528,0.1413,-9.8593,0.0037,-0.0125,0.2061
2.3702,2.6432,0.1389,-9.7037,0.0041,-0.0121,0.0992
2.3894,2.6624,0.1341,-9.8330,0.0051,-0.0119,0.2901
2.4082,2.6432,0.1125,-9.8282,0.0041,-0.0121,0.3511
2.4266,2.8084,0.1173,-9.6750,0.0043,-0.0121,0.0534
2.4450,2.6624,0.1269,-9.8258,0.0043,-0.0119,0.3053
2.4638,2.6480,0.1077,-9.7061,0.0035,-0.0138,0.1145
2.4828,2.6647,0.1317,-9.8114,0.0047,-0.0115,0.2061
2.5014,2.6576,0.1245,-9.8282,0.0043,-0.0131,0.0076
2.5203,2.6983,0.1484,-9.7636,0.0028,-0.0133,0.2748
2.5394,2.6887,0.0982,-9.8881,0.0033,-0.0129,0.0916
2.5671,2.6695,0.1149,-9.6558,0.0037,-0.0130,0.1603
2.5853,2.6600,0.1652,-9.9599,0.0048,-0.0125,0.2748
2.6034,2.7557,0.1006,-9.7683,0.0051,-0.0115,0.2595
2.6217,2.7246,0.1341,-9.8976,0.0045,-0.0118,0.2977
2.6396,2.6217,0.1413,-9.7683,0.0026,-0.0129,0.1298
2.6574,2.7007,0.0694,-9.9431,0.0041,-0.0106,0.0534
2.6761,2.6887,0.0670,-9.8665,0.0048,-0.0122,0.2519
2.7091,2.7102,0.1460,-9.8641,0.0033,-0.0118,0.2595
2.7286,2.6839,0.0048,-9.9024,0.0038,-0.0113,0.0840
2.7474,2.6073,0.0790,-9.6726,0.0043,-0.0122,0.1298
2.7669,2.7126,0.1293,-9.9120,0.0047,-0.0128,0.1374
2.7855,2.6336,0.2945,-9.9000,0.0035,-0.0118,0.2214
2.8047,2.6791,0.1269,-9.9359,0.0033,-0.0111,0.0763
2.8232,2.6528,0.1341,-9.8569,0.0045,-0.0115,0.2366
2.8421,2.6504,0.0862,-9.7540,0.0050,-0.0130,0.1756
2.8612,2.6600,0.1437,-9.7899,0.0036,-0.0126,0.1450
2.8801,2.7007,0.1221,-9.8641,0.0029,-0.0108,0.1832
2.8989,2.6647,0.1389,-9.6654,0.0041,-0.0128,0.1679
2.9169,2.6863,0.1269,-9.6558,0.0062,-0.0116,0.0305
2.9363,2.6815,0.0886,-9.8114,0.0050,-0.0119,0.1221
2.9552,2.6600,0.0790,-9.8904,0.0038,-0.0115,0.2977
2.9741,2.6839,0.1197,-9.9551,0.0038,-0.0128,0.2290
2.9925,2.6791,0.1413,-9.9407,0.0050,-0.0118,0.1374
3.0115,2.6288,0.1365,-9.8186,0.0052,-0.0118,0.2214
3.0303,2.6767,0.0862,-9.6798,0.0057,-0.0112,0.1527
3.0495,2.6743,0.1221,-9.7659,0.0026,-0.0128,0.2290
3.0689,2.6983,0.0910,-9.7995,0.0059,-0.0104,0.2595
3.0880,2.6193,0.2251,-9.7636,0.0034,-0.0115,0.2290
3.1069,2.7007,0.1245,-9.7540,0.0037,-0.0101,0.1374
3.1249,2.6911,0.0790,-9.8761,0.0046,-0.0112,0.0458
3.1432,2.6528,0.1341,-9.6582,0.0036,-0.0122,0.1832
3.1612,2.7150,0.1293,-9.8426,0.0045,-0.0116,0.2977
3.1796,2.6815,0.1221,-9.7444,0.0042,-0.0108,0.2672
3.1987,2.6600,0.1006,-9.8593,0.0026,-0.0125,0.1450
3.2176,2.6695,0.1030,-9.9096,0.0036,-0.0128,0.1450
3.2371,2.6959,0.1006,-9.8976,0.0057,-0.0138,0.2366
3.2556,2.6552,0.1437,-9.7276,0.0029,-0.0112,0.1985
3.2749,2.6983,0.0910,-9.7468,0.0045,-0.0112,0.2061
3.2939,2.6647,0.0599,-9.7947,0.0030,-0.0108,1.9466
3.3121,2.6432,0.1389,-9.6774,0.0039,-0.0103,0.2061
3.3316,2.7438,0.1939,-9.9048,0.0038,-0.0112,0.0916
3.3499,2.7246,0.1293,-9.6822,0.0043,-0.0115,0.3893
3.3690,2.6336,0.1221,-9.9479,0.0034,-0.0123,0.2672
3.3868,2.6863,0.0958,-9.9479,0.0051,-0.0118,0.1527
3.4053,2.6671,0.1101,-9.8737,0.0039,-0.0121,0.2595
3.4247,2.6935,0.1269,-9.9192,0.0045,-0.0111,0.2290
3.4432,2.6983,0.1173,-9.7324,0.0051,-0.0117,0.2061
3.4618,2.7126,0.1006,-9.6989,0.0026,-0.0111,0.1679
3.4801,2.7390,0.1077,-9.8976,0.0043,-0.0117,0.1450
3.4994,2.6791,0.1125,-9.9024,0.0039,-0.0124,0.1832
3.5191,2.7126,0.1484,-9.8043,0.0042,-0.0116,0.2672
3.5378,2.6576,0.1221,-9.9216,0.0026,-0.0122,0.2214
3.5573,2.6073,0.1484,-9.9048,0.0019,-0.0127,0.3206
3.5759,2.7054,0.1389,-9.7564,0.0052,-0.0103,0.1069
3.5943,2.7078,0.1341,-9.8689,0.0044,-0.0121,0.0916
3.6125,2.6815,0.0766,-9.9024,0.0045,-0.0112,0.0611
3.6306,2.6408,0.1173,-9.8928,0.0028,-0.0118,0.1679
3.6489,2.6887,0.1389,-9.8450,0.0041,-0.0110,0.1603
3.6678,2.6360,0.1030,-9.9024,0.0035,-0.0107,0.1985
3.6867,2.6743,0.3041,-9.8354,0.0041,-0.0118,0.3435
3.7060,2.6815,0.1341,-9.7612,0.0033,-0.0128,0.2061
3.7250,2.7318,0.0072,-9.8402,0.0043,-0.0113,1.9237
3.7439,2.6624,0.0910,-9.8521,0.0029,-0.0118,0.2595
3.7631,2.6719,0.1628,-9.8306,0.0048,-0.0105,0.1603
3.7815,2.6552,0.1173,-9.7420,0.0054,-0.0107,0.2290
3.8009,2.6719,0.0263,-9.7971,0.0038,-0.0117,0.2748
3.8199,2.6456,0.0910,-9.6893,0.0038,-0.0124,0.2214
3.8390,2.7078,0.0694,-9.6582,0.0036,-0.0113,0.1527
3.8575,2.6408,0.0790,-9.7396,0.0050,-0.0108,0.1756
3.8755,2.6336,0.1101,-9.8497,0.0040,-0.0115,0.2443
3.8950,2.6193,0.1413,-9.7564,0.0051,-0.0127,0.3130
3.9131,2.6839,0.0814,-9.7731,0.0038,-0.0124,0.1145
3.9320,2.6743,0.1413,-9.8114,0.0027,-0.0117,0.0763
3.9507,2.7007,0.1077,-9.8521,0.0044,-0.0121,0.2443
3.9695,2.6217,0.0120,-9.9503,0.0061,-0.0122,0.2824
3.9890,2.6695,0.1053,-9.7827,0.0041,-0.0111,0.1298
4.0078,2.6600,0.0527,-9.8857,0.0031,-0.0122,0.0916
4.0271,2.6959,0.0790,-9.8066,0.0036,-0.0112,0.1679
4.0458,2.6121,0.1341,-9.9072,0.0061,-0.0120,0.1221
4.0646,2.6863,0.0575,-9.6678,0.0048,-0.0128,0.2824
4.0828,2.6695,0.0958,-9.8641,0.0041,-0.0121,0.2137
4.1014,2.6552,0.0862,-9.7683,0.0027,-0.0094,0.2290
4.1199,2.7007,0.1484,-9.9479,0.0041,-0.0114,0.1298
4.1383,2.6456,0.1628,-9.8569,0.0032,-0.0111,0.1298
4.1573,2.6983,0.1389,-9.8282,0.0029,-0.0115,0.2366
4.1764,2.6408,0.1125,-9.9407,0.0026,-0.0105,0.2748
4.1956,2.6240,0.1245,-9.8809,0.0048,-0.0126,0.1374
4.2143,2.6767,0.0718,-9.9072,0.0036,-0.0116,0.2290
4.2333,2.7007,0.1341,-9.8043,0.0049,-0.0109,0.1603
4.2516,2.6336,0.1077,-9.8282,0.0029,-0.0106,0.3511
4.2707,2.6695,0.0982,-9.8234,0.0051,-0.0107,0.1603
4.2896,2.6480,0.1197,-9.7085,0.0022,-0.0121,0.1450
4.3092,2.6719,0.1101,-9.7947,0.0028,-0.0120,0.3130
4.3280,2.6576,0.1341,-9.8617,0.0057,-0.0115,0.0916
4.3466,2.6576,0.1101,-9.6989,0.0048,-0.0119,0.0534
4.3648,2.6624,0.1365,-9.8282,0.0054,-0.0114,0.0534
4.3830,2.7390,0.1221,-9.8928,0.0033,-0.0108,0.0992
4.4016,2.6791,0.1293,-9.7181,0.0041,-0.0107,0.1603
4.4206,2.6121,0.1030,-9.7276,0.0031,-0.0119,0.1679
4.4393,2.7078,0.1269,-9.9503,0.0037,-0.0117,0.1527
4.4590,2.6336,0.0838,-9.7492,0.0035,-0.0119,0.2672
4.4778,2.6815,0.0910,-9.9216,0.0042,-0.0134,0.2595
4.4975,2.6671,0.0718,-9.8665,0.0038,-0.0106,0.3511
4.5160,2.6504,0.0838,-9.7564,0.0044,-0.0119,0.0611
4.5350,2.6935,0.1030,-9.7085,0.0040,-0.0129,0.1145
4.5536,2.7102,0.0000,-9.8809,0.0045,-0.0108,0.2443
4.5724,2.6528,0.1006,-9.8019,0.0052,-0.0119,0.0229
4.5913,2.6911,0.1987,-9.9335,0.0044,-0.0117,0.1450
4.6090,2.6695,0.1149,-9.7779,0.0039,-0.0127,0.3053
4.6284,2.7150,0.2705,-9.9599,0.0033,-0.0112,0.1069
4.6671,2.6767,0.2418,-9.6845,0.0040,-0.0112,0.3817
4.6883,2.7126,0.1077,-9.9288,0.0041,-0.0107,0.2061
4.7076,2.7318,0.0958,-9.7324,0.0050,-0.0121,0.1908
4.7276,2.6935,0.2251,-9.7827,0.0030,-0.0126,0.0687
4.7469,2.6767,0.0407,-9.7851,0.0043,-0.0098,0.1145
4.7659,2.7318,0.1125,-9.8785,0.0030,-0.0121,0.1832
4.7848,2.6456,0.1006,-9.8114,0.0043,-0.0122,0.0763
4.8038,2.6791,0.1149,-9.8090,0.0048,-0.0112,0.4046
4.8221,2.7007,0.1101,-9.8186,0.0042,-0.0097,0.2519
4.8407,2.6576,0.1365,-9.7683,0.0042,-0.0107,0.1069
4.8593,2.6743,0.2921,-9.7827,0.0044,-0.0113,0.1221
4.8769,2.6240,0.1269,-9.7803,0.0034,-0.0120,0.2443
4.8961,2.6815,0.1365,-9.7420,0.0046,-0.0128,0.2748
4.9143,2.7007,0.0886,-9.9575,0.0028,-0.0130,0.2595
4.9337,2.8108,0.0024,-9.9072,0.0038,-0.0120,0.1221
4.9526,2.6528,0.1125,-9.7659,0.0017,-0.0122,0.1374
4.9712,2.4924,0.1748,-9.9455,0.0043,-0.0118,0.0840
4.9899,2.6935,0.1030,-9.8066,0.0059,-0.0119,0.0992
5.0038,2.7102,0.0575,-9.6558,0.0057,-0.0131,0.2443
5.0183,2.6815,0.0742,-9.6774,0.0049,-0.0115,0.0992
5.0318,2.5762,0.1628,-9.7612,0.0038,-0.0115,0.3282
5.0453,2.6671,0.0934,-9.8138,0.0059,-0.0112,0.1908
5.0593,2.6169,0.1125,-9.9503,0.0038,-0.0115,0.1756
5.0725,2.7797,0.1748,-9.8450,0.0045,-0.0115,0.3893
5.0857,2.6767,0.1101,-9.7995,0.0048,-0.0111,0.3817
5.1050,2.6624,0.1221,-9.6654,0.0049,-0.0121,0.3282
5.1236,2.7533,0.1101,-9.7947,0.0040,-0.0114,0.1679
5.1432,2.7509,0.1365,-9.8785,0.0047,-0.0118,0.0229
5.1615,2.8347,0.0527,-9.9144,0.0034,-0.0107,0.1603
5.1802,2.6815,0.0934,-9.9599,0.0042,-0.0133,0.1527
5.1996,2.6552,0.0790,-9.8354,0.0029,-0.0117,0.1985
5.2186,2.6887,0.1173,-9.8809,0.0038,-0.0129,0.3511
5.2382,2.6288,0.1197,-9.9575,0.0043,-0.0107,0.1298
5.2575,2.6360,0.1341,-9.7588,0.0053,-0.0129,0.0840
5.2767,2.6983,0.1245,-9.8330,0.0048,-0.0114,0.3435
5.2962,2.6767,0.0790,-9.7492,0.0031,-0.0119,0.1145
5.3140,2.6935,0.1317,-9.7468,0.0033,-0.0122,1.9160
5.3326,2.7102,0.1077,-9.8186,0.0052,-0.0117,0.3130
5.3513,2.7390,0.1484,-9.8234,0.0037,-0.0126,0.2214
5.3696,2.6671,0.0958,-9.7947,0.0018,-0.0114,0.1450
5.3885,2.6504,0.2873,-9.8569,0.0032,-0.0115,0.1985
5.4075,2.7318,0.0742,-9.6774,0.0034,-0.0111,0.0611
5.4266,2.7342,0.1101,-9.8210,0.0031,-0.0119,0.1908
5.4458,2.6671,0.0144,-9.6582,0.0027,-0.0125,0.2901
5.4644,2.7461,0.0910,-9.7612,0.0040,-0.0120,0.2672
5.4826,2.6217,0.1460,-9.8114,0.0039,-0.0114,0.3206
5.5030,2.6217,0.0934,-9.7995,0.0057,-0.0128,0.2595
5.5219,2.6791,0.1293,-9.7612,0.0041,-0.0127,0.2824
5.5418,2.6480,0.1173,-9.9455,0.0044,-0.0116,0.2443
5.5597,2.7485,0.0814,-9.7947,0.0048,-0.0114,0.2061
5.5780,2.6576,0.1173,-9.9072,0.0030,-0.0114,0.1145
5.5965,2.6456,0.1341,-9.6678,0.0036,-0.0110,0.1374
5.6154,2.6647,0.1125,-9.7803,0.0022,-0.0107,0.0687
5.6527,2.7007,0.1197,-9.7659,0.0039,-0.0129,0.3435
5.6716,2.6360,0.1173,-9.8904,0.0041,-0.0123,0.0076
5.6907,2.6600,0.1077,-9.7851,0.0048,-0.0112,0.0992
5.7103,2.6767,0.2873,-9.8186,0.0043,-0.0115,0.2595
5.7299,2.6624,0.1221,-9.6917,0.0041,-0.0119,0.1221
5.7493,2.6839,0.0622,-9.7372,0.0049,-0.0125,0.2137
5.7678,2.7102,0.0982,-9.9096,0.0054,-0.0112,0.2290
5.7871,2.6576,0.0982,-9.7899,0.0037,-0.0116,0.2748
5.8048,2.7509,0.0551,-9.8090,0.0037,-0.0134,0.1679
5.8234,2.7246,0.1173,-9.8450,0.0028,-0.0134,0.3588
5.8420,2.6935,0.1317,-9.7947,0.0029,-0.0121,0.3130
5.8607,2.6480,0.0838,-9.6798,0.0052,-0.0118,0.1603
5.8794,2.6911,0.2849,-9.6750,0.0040,-0.0122,0.2672
5.8982,2.6576,0.1556,-9.8593,0.0045,-0.0122,0.1832
5.9176,2.7007,0.1508,-9.7923,0.0033,-0.0114,0.1679
5.9367,2.6432,0.0814,-9.8043,0.0046,-0.0110,0.2824
5.9557,2.7102,0.0024,-9.7851,0.0055,-0.0119,0.2443
5.9742,2.6983,0.1125,-9.8210,0.0054,-0.0128,0.1908
5.9931,2.6959,0.1317,-9.8354,0.0043,-0.0124,0.2977
6.0119,2.6647,0.0096,-9.8162,0.0027,-0.0131,0.3206
6.0306,2.6600,0.1197,-9.8689,0.0042,-0.0113,0.2595
6.0487,2.7007,0.1173,-9.7061,0.0043,-0.0133,0.2595
6.0671,2.6791,0.0886,-9.7659,0.0029,-0.0130,0.2672
6.0868,2.6767,0.1484,-9.7444,0.0033,-0.0114,0.2901
6.1055,2.7198,0.1125,-9.7755,0.0029,-0.0128,0.2137
6.1246,2.6671,0.1221,-9.9455,0.0041,-0.0114,0.2214
6.1435,2.6647,0.1149,-9.9575,0.0041,-0.0111,0.0687
6.1622,2.6935,0.1006,-9.7659,0.0039,-0.0108,0.2519
6.1812,2.6360,0.0814,-9.6654,0.0036,-0.0118,0.2672
6.1996,2.6480,0.1437,-9.9599,0.0036,-0.0103,0.2137
6.2196,2.6456,0.0790,-9.9599,0.0036,-0.0120,0.0305
6.2386,2.6815,0.0862,-9.7300,0.0040,-0.0139,0.3969
6.2580,2.6312,0.1101,-9.8785,0.0031,-0.0119,0.2443
6.2763,2.7102,0.0886,-9.7133,0.0064,-0.0110,0.0687
6.2946,2.7174,0.1293,-9.8354,0.0028,-0.0118,0.2061
6.3125,2.6983,0.1101,-9.7085,0.0026,-0.0121,0.3969
6.3305,2.6121,0.1293,-9.7707,0.0049,-0.0120,0.2214
6.3490,2.6408,0.0000,-9.8426,0.0033,-0.0118,0.1756
6.3682,2.7294,0.0790,-9.9096,0.0031,-0.0108,0.1832
6.3869,2.4972,0.1030,-9.9288,0.0051,-0.0117,0.2519
6.4064,2.6576,0.1413,-9.7899,0.0038,-0.0126,0.3740
6.4262,2.6935,0.0886,-9.7492,0.0037,-0.0101,0.1679
6.4458,2.6887,0.1101,-9.8952,0.0043,-0.0115,0.1221
6.4646,2.6624,0.1125,-9.9527,0.0045,-0.0119,0.2977
6.4844,2.7126,0.1006,-9.6654,0.0047,-0.0105,0.0840
6.5047,2.7054,0.1317,-9.7827,0.0027,-0.0119,0.1603
6.5258,2.6480,0.0958,-9.6941,0.0041,-0.0117,0.2214
6.5450,2.6384,0.1556,-9.6989,0.0040,-0.0112,0.1985
6.5639,2.6959,0.1293,-9.9048,0.0048,-0.0112,0.2672
6.5820,2.6743,0.0646,-9.7372,0.0048,-0.0116,0.1069
6.6008,2.6791,0.0766,-9.7612,0.0049,-0.0121,0.1908
6.6196,2.7078,0.1437,-9.9120,0.0043,-0.0111,0.3130
6.6391,2.6671,0.1317,-9.8114,0.0041,-0.0111,0.0916
6.6584,2.6504,0.1101,-9.7444,0.0034,-0.0123,0.2366
6.6778,2.6983,0.0910,-9.8258,0.0032,-0.0113,0.3893
6.6982,2.6959,0.0814,-9.9048,0.0029,-0.0110,0.2595
6.7173,2.6935,0.2538,-9.9575,0.0043,-0.0117,0.2824
6.7382,2.6839,0.2849,-9.7372,0.0040,-0.0122,0.2137
6.7587,2.6839,0.0455,-9.6630,0.0026,-0.0117,0.1603
6.7791,2.6647,0.1006,-9.8234,0.0045,-0.0117,0.1527
6.7982,2.6504,0.1317,-9.8713,0.0043,-0.0111,0.0992
6.8172,2.6911,0.1053,-9.8569,0.0023,-0.0122,0.1298
6.8359,2.7414,0.0934,-9.7683,0.0043,-0.0110,0.2748
6.8544,2.6887,0.0886,-9.7851,0.0050,-0.0126,0.1298
6.8732,2.6647,0.0599,-9.8426,0.0042,-0.0111,0.1450
6.8927,2.6528,0.2011,-9.9240,0.0036,-0.0126,0.2061
6.9115,2.6791,0.1173,-9.7827,0.0043,-0.0124,0.2290
6.9311,2.6815,0.1389,-9.8761,0.0037,-0.0131,0.2214
6.9499,2.6671,0.0718,-9.8474,0.0041,-0.0115,0.2137
6.9702,2.6743,0.0814,-9.7875,0.0033,-0.0112,0.2214
6.9914,2.6935,0.1532,-9.8521,0.0041,-0.0112,0.1832
7.0104,2.6097,0.1341,-9.7851,0.0048,-0.0126,0.1908
7.0312,2.7031,0.1317,-9.7875,0.0039,-0.0110,0.0763
7.0516,2.6839,0.0646,-9.7157,0.0038,-0.0114,0.1756
7.0720,2.6121,0.1556,-9.8976,0.0034,-0.0125,0.0611
7.0906,2.7007,0.1077,-9.6750,0.0033,-0.0125,0.1527
7.1090,2.7485,0.0958,-9.8402,0.0044,0.0366,2.7939
7.1285,1.1061,-1.8627,-10.9630,-0.1037,-0.0585,41.2214
7.1474,-1.2306,-4.9943,-15.8113,-0.0646,0.1590,0.2901
7.1671,2.8659,0.0431,-9.7564,-0.0097,-0.0536,0.5649
7.1858,1.5131,0.3328,-10.5896,-0.0048,0.0022,5.6107
7.2054,4.1180,-0.2083,-9.5768,0.0061,-0.0296,-0.2290
7.2254,2.7414,0.0982,-9.4930,0.0026,-0.0291,0.0840
7.2454,2.7390,0.2777,-9.6750,0.0030,-0.0111,0.1221
7.2643,2.7533,0.1317,-9.7803,0.0038,-0.0114,0.1832
7.2842,2.6719,0.1293,-9.9264,0.0033,-0.0121,0.2214
7.3042,2.6887,0.1221,-9.5074,0.0036,-0.0121,0.0534
7.3254,2.6767,0.0814,-9.7851,0.0051,-0.0126,0.1221
7.3435,2.6552,0.0742,-9.6822,0.0038,-0.0127,0.1985
7.3624,2.6983,0.1030,-9.7755,0.0035,-0.0129,0.1145
7.3814,2.6983,0.1796,-9.8066,0.0041,-0.0116,0.2672
7.4007,2.7342,0.1413,-9.7372,0.0037,-0.0113,0.3282
7.4209,2.6839,0.1413,-9.8354,0.0037,-0.0116,0.1527
7.4398,2.6911,0.0120,-9.7995,0.0047,-0.0114,0.2214
7.4789,2.7007,0.2394,-9.5122,0.0334,0.0154,1.0076
7.4977,2.9377,-0.1101,-9.7588,0.0263,-0.0089,0.0992
7.5165,2.7701,0.0622,-9.2775,-0.0044,-0.0382,-0.2443
7.5353,2.7845,0.0503,-9.7420,-0.0091,-0.0388,-0.0763
7.5548,2.5786,0.1197,-9.5146,0.0207,0.0152,0.9160
7.5730,2.8683,0.1269,-9.7372,0.0224,0.0055,0.1374
7.5921,2.7485,0.1101,-9.8904,0.0048,0.0132,-0.1069
7.6110,2.8539,0.0311,-10.0676,0.0024,0.0100,-0.9466
7.6298,3.5482,-0.1532,-9.5529,0.0127,0.0135,-5.8779
7.6495,2.9640,0.1053,-9.8857,0.0201,0.0185,-7.8321
7.6683,2.2601,0.2155,-10.1227,0.0012,0.0538,-6.4885
7.6879,4.4317,-0.3089,-10.9894,-0.0064,0.2831,-16.6794
7.7072,3.4261,0.0886,-9.0118,-0.0399,0.2530,-18.7786
7.7270,2.9712,0.3472,-9.6415,0.0719,0.3850,-22.3511
7.7468,4.9560,-0.1030,-10.3430,0.1873,0.7542,-34.5038
7.7660,5.2265,-0.5626,-7.9990,0.1203,0.7449,-42.5802
7.7857,3.6775,0.3496,-9.2751,0.1424,0.6699,-38.9237
7.8071,4.2449,0.2442,-15.8089,0.1025,0.7978,-18.1298
7.8249,6.2393,-0.3065,-8.4013,0.0601,0.8476,-30.1069
7.8435,4.7262,0.0982,-9.3087,0.1534,0.9552,-20.0687
7.8622,1.9800,0.9960,-12.8090,0.1153,1.2763,16.3511
7.8817,4.8004,-0.7973,-8.0349,-0.0245,1.1688,13.8397
7.9001,6.1914,-0.2346,-7.7428,-0.1144,1.0099,2.0153
7.9187,5.9472,-1.0678,-9.0214,-0.0325,1.0202,2.2061
7.9376,6.2010,0.4166,-7.2664,-0.0066,1.0942,4.1298
7.9562,7.4005,0.2610,-7.1706,-0.0718,0.9400,-7.4351
7.9752,6.9504,0.4094,-7.0797,-0.0255,0.9379,-2.4046
7.9943,7.8865,0.3160,-6.1770,0.0255,1.0745,-2.6107
8.0133,8.3629,-0.2131,-5.9448,0.0594,1.1940,-2.4962
8.0323,7.6998,-1.0032,-5.3678,0.0101,1.1517,2.0534
8.0510,8.0445,0.2729,-4.9177,0.0200,1.1557,4.7557
8.0691,8.9280,-0.7470,-4.9297,-0.0325,1.1849,0.3206
8.0871,8.2361,0.0287,-4.9297,-0.0878,1.1301,6.3359
8.1051,9.0022,-0.2059,-4.8842,-0.0711,1.1895,-4.9847
8.1240,9.0860,0.1676,-5.3103,-0.0837,1.1548,0.0763
8.1429,8.1307,0.7326,-4.3790,-0.0177,1.1044,-2.3359
8.1619,8.7939,0.3591,-0.2514,-0.0322,0.8966,0.8626
8.1810,10.4938,-0.0670,-3.6009,-0.0165,1.0142,-0.0611
8.1995,9.8306,0.3591,0.9768,0.0001,0.8941,1.4427
8.2187,9.9407,0.0048,-1.9848,0.0112,0.7384,1.7328
8.2370,11.7819,-0.1389,-4.5442,-0.0397,0.5798,-7.6947
8.2566,9.7995,0.1724,-1.9201,-0.0115,0.4394,-3.5649
8.2756,10.5967,0.1604,-0.2538,0.0336,0.3805,0.9695
8.2946,9.5050,-0.0575,1.5706,0.0344,0.2439,-1.9771
8.3135,10.8745,0.0503,-1.0798,0.0659,0.1795,3.3435
8.3314,9.2177,0.0215,-1.7262,0.0979,0.0946,6.8321
8.3501,9.8976,-0.2179,0.7111,0.0677,-0.0333,1.3588
8.3677,10.0772,0.0479,-1.1205,0.0538,-0.0599,0.7710
8.3863,10.5297,0.1508,-1.1923,0.0496,0.1433,-1.5649
8.4051,10.4555,0.1341,1.7597,0.0171,0.2065,-2.2061
8.4236,10.1083,0.1197,-1.4413,-0.0119,0.1470,-0.1450
8.4377,10.1945,0.0455,-0.7398,-0.0336,0.1110,-0.3664
8.4513,10.1682,0.1963,-0.3783,-0.0333,0.1035,-0.3130
8.4653,10.1203,0.0982,-0.4525,-0.0269,0.0875,-0.1450
8.4789,10.1825,0.0862,-0.5507,-0.0269,0.0913,-0.2824
8.4930,10.2592,0.0862,-0.5076,-0.0284,0.0966,-0.4427
8.5066,10.2185,0.0622,-0.3735,-0.0296,0.0996,-0.4885
8.5208,10.1490,0.0958,-0.1939,-0.0286,0.0872,-0.3969
8.5392,10.1945,0.1197,-0.2394,-0.0205,0.0556,0.0305
8.5578,10.1466,0.0575,0.3567,-0.0001,-0.0068,0.4962
8.5757,10.1849,0.0742,-0.2993,0.0105,-0.0326,0.5496
8.6080,10.1562,0.0599,-0.7638,-0.0090,0.0425,0.2290
8.6264,10.2496,0.2107,0.3735,-0.0094,0.0512,0.2748
8.6454,9.6702,0.4693,-0.5004,-0.0253,0.0817,-0.2901
8.6640,9.9862,0.0910,-0.7159,-0.0439,0.1135,-0.1679
8.6831,10.2280,0.5626,0.2346,0.0240,0.2035,14.6107
8.7020,9.6774,0.1700,-1.8651,-0.0184,0.3626,0.2214
8.7209,10.1610,0.1030,-0.0527,-0.0632,0.3732,-0.4275
8.7400,10.1347,0.0359,-0.0311,-0.0712,0.4088,-0.7023
8.7587,10.2568,0.0431,0.1460,-0.0818,0.4641,-0.9237
8.7777,10.2256,0.2682,0.9601,-0.0848,0.4694,-0.6107
8.7964,10.0844,0.2514,2.4565,-0.0610,0.3169,-0.3740
8.8156,10.1514,0.1341,2.8539,-0.0181,0.1038,0.1069
8.8343,10.1203,0.1006,1.7526,0.0080,-0.0330,0.1756
8.8533,10.0748,0.0479,1.4341,0.0125,-0.0512,0.2672
8.8716,10.1011,0.0742,1.5012,0.0287,-0.1543,0.5267
8.8901,9.9695,0.0742,0.3519,0.0287,-0.1413,0.5191
8.9087,10.0149,0.0575,0.5100,0.0191,-0.0889,0.3893
8.9263,10.1370,0.0718,0.6321,0.0117,-0.0519,0.3359
8.9453,10.1945,0.0599,0.8284,0.0111,-0.0477,0.3206
8.9636,9.9886,0.0311,0.7518,0.0086,-0.0303,0.2595
8.9834,10.2256,0.0934,0.5650,0.0019,-0.0041,0.2901
9.0021,10.2472,0.0599,0.4812,-0.0010,0.0186,0.3435
9.0211,9.9742,0.0359,0.6584,-0.0012,0.0220,0.3282
9.0402,9.8641,0.0048,0.8045,0.0002,0.0125,0.1450
9.0587,10.1849,0.0431,0.7614,-0.0017,0.0229,0.1374
9.0782,10.1897,0.0335,0.7350,-0.0079,0.0534,-0.1603
9.0966,10.1011,0.0622,0.8475,-0.0108,0.0617,0.1832
9.1164,10.2280,0.0790,0.9768,-0.0100,0.0637,-1.9237
9.1353,10.0772,-0.0742,0.7925,-0.0100,0.0615,0.2519
9.1536,10.1490,0.0862,1.1229,-0.0082,0.0530,0.1527
9.1727,10.3741,0.0982,1.0056,-0.0066,0.0397,0.2443
9.1912,10.1442,0.0551,1.1971,-0.0047,0.0301,0.1679
9.2102,9.9024,0.0192,0.7805,-0.0102,0.0449,0.1221
9.2283,10.1873,-0.1317,1.2234,-0.0132,0.0770,0.0611
9.2465,9.7420,0.0670,1.1708,-0.0174,0.0977,0.0763
9.2660,9.8737,-0.0048,1.3551,-0.0092,0.0645,0.0458
9.2845,10.2615,0.1101,1.5634,-0.0009,0.0150,0.1527
9.3035,9.9910,0.0790,1.2833,0.0022,-0.0029,0.2748
9.3218,9.9695,0.0814,1.1468,0.0067,-0.0156,0.1298
9.3408,10.1634,0.0335,1.2617,0.0051,-0.0172,0.2672
9.3596,10.1993,0.1173,1.1205,0.0017,-0.0096,0.2977
9.3785,10.0604,-0.0383,1.1947,0.0036,-0.0127,0.1450
9.3973,9.9934,0.0814,1.2282,0.0045,-0.0117,0.0763
9.4165,10.0317,0.0239,1.3599,0.0043,-0.0128,0.1069
9.4354,9.9718,0.0431,1.2833,0.0043,-0.0131,0.3130
9.4538,10.2280,0.0862,1.1061,0.0030,-0.0112,0.1069
9.4729,10.0772,0.0694,1.1779,0.0029,-0.0056,0.3664
9.4920,10.2113,0.0790,1.0654,0.0009,0.0097,0.2290
9.5103,10.0006,-0.1053,0.9744,-0.0016,0.0214,0.0153
9.5286,10.0030,0.0982,1.2067,-0.0023,0.0261,-1.9389
9.5465,10.1251,0.0263,1.2665,-0.0032,0.0242,0.1527
9.5653,10.0365,0.0072,1.3551,0.0009,0.0295,0.1985
9.5841,10.0365,0.0694,1.3096,0.0035,-0.0109,0.3664
9.6031,9.9886,0.1293,1.2354,0.0057,-0.0003,0.2290
9.6213,10.1299,-0.1125,1.2522,0.0041,-0.0087,0.1450
9.6404,9.9814,0.0622,1.2450,0.0026,-0.0084,0.1298
9.6590,10.0245,0.0192,1.3072,0.0027,-0.0075,0.1221
9.6785,9.9024,0.1077,1.4126,0.0065,-0.0237,0.2824
9.6973,10.0556,0.0287,1.0750,0.0057,-0.0155,0.2137
9.7160,10.0676,-0.1030,1.2426,0.0049,-0.0084,0.1832
9.7354,10.0628,0.0239,1.1899,0.0012,-0.0034,0.2901
9.7538,10.0030,0.0192,1.2234,0.0033,-0.0011,0.1832
9.7735,10.0796,0.1006,1.5036,0.0038,-0.0103,0.3359
9.7923,10.1347,0.0814,1.3192,0.0036,-0.0119,0.3588
9.8112,10.0676,0.0790,1.3096,0.0032,-0.0117,0.2595
9.8295,10.0437,0.0622,1.2522,0.0049,-0.0193,0.2901
9.8473,10.0796,-0.0024,1.4916,0.0063,-0.0252,0.2214
9.8667,10.0126,0.0599,1.2953,0.0069,-0.0252,0.3053
9.8848,10.0197,0.0287,1.0870,0.0050,-0.0218,0.3511
9.9037,10.0963,0.0599,1.2043,0.0048,-0.0001,0.0763
9.9226,10.0173,0.0239,1.1468,0.0044,-0.0129,0.0916
9.9415,10.1323,0.0359,1.3192,0.0054,-0.0193,-0.8244
9.9609,9.8066,0.0575,0.8428,0.0137,-0.0388,-1.8550
9.9800,9.9671,0.1269,1.3719,0.0164,-0.0612,0.2901
9.9995,10.2256,0.1341,1.1085,0.0148,-0.0527,0.3588
10.0179,10.0293,0.0215,1.5275,0.0241,-0.0828,0.5267
10.0365,10.0628,0.1460,0.9888,0.0227,-0.0705,0.5038
10.0555,10.2304,0.0311,0.9864,0.0174,-0.0529,0.5344
10.0745,10.0844,0.0215,0.9744,0.0132,-0.0416,0.3664
10.0942,9.9599,0.0886,0.9505,0.0079,-0.0210,0.2824
10.1124,10.0987,0.0215,1.2210,0.0049,-0.0157,0.2519
10.1312,10.1203,0.0239,1.1540,0.0042,-0.0136,0.3511
10.1491,10.2232,0.0335,1.2091,0.0053,-0.0288,0.3130
10.1678,10.2568,0.0144,1.1205,0.0034,-0.0113,0.2443
10.1858,10.0485,0.0622,1.0104,0.0052,-0.0133,0.1221
10.2046,10.0485,0.0551,1.1660,0.0058,-0.0124,0.1527
10.2235,10.1370,-0.0982,1.0391,0.0037,-0.0090,0.1603
10.2429,10.0676,0.0982,1.1779,0.0041,-0.0096,0.2061
10.2621,10.0437,0.0527,1.1181,0.0045,-0.0121,0.2290
10.2812,10.2232,0.0551,1.0151,0.0037,-0.0122,0.2290
10.3002,10.0700,0.0982,1.1995,0.0045,-0.0128,0.1450
10.3185,10.2520,0.0599,1.0534,0.0048,-0.0160,0.2595
10.3380,10.0940,0.0527,1.1660,0.0072,-0.0188,0.2977
10.3572,9.9766,0.0479,1.0199,0.0047,-0.0139,0.1298
10.3765,10.0844,0.0814,1.0702,0.0026,-0.0118,0.0687
10.3956,10.0652,0.0551,1.1516,0.0029,-0.0136,0.2290
10.4141,10.0604,0.0144,1.0989,0.0058,-0.0197,0.2519
10.4325,10.0724,0.0168,1.3431,0.0123,-0.0320,0.4046
10.4503,10.0461,0.0359,1.1277,0.0136,-0.0436,0.3511
10.4691,10.1011,0.0192,0.8667,0.0115,-0.0374,0.3969
10.4876,10.0772,0.1508,0.6249,0.0069,-0.0184,0.1603
10.5066,10.3956,0.0694,0.1748,0.0051,-0.0093,0.0611
10.5263,10.1538,0.0646,1.0918,0.0050,-0.0096,0.2672
10.5452,10.2256,0.0335,1.1037,0.0030,-0.0142,0.1908
10.5646,10.2424,0.0790,1.1037,0.0040,-0.0192,0.3359
10.5831,9.9599,0.0287,1.8244,0.0229,-0.0833,0.5725
10.6019,10.2544,0.0455,0.9625,0.0311,-0.1037,0.4198
10.6205,10.2089,0.0575,1.7286,0.0318,-0.1495,0.6183
10.6395,10.1993,0.0527,1.5467,0.0756,-0.2598,0.6947
10.6591,10.4627,0.1484,2.1213,0.1121,-0.6480,1.3359
10.6778,9.5720,0.1532,3.4357,0.1535,-0.7862,3.7099
10.6968,9.6893,0.1293,-0.3615,0.1651,-0.8980,5.2137
10.7152,10.2759,-0.1508,1.8938,0.1772,-0.9332,5.0153
10.7329,8.8538,-0.0335,-0.0934,0.1864,-1.1143,9.2748
10.7513,9.9264,0.1580,-4.9368,0.1535,-1.0751,-7.5115
10.7702,10.4004,-0.6823,-0.1532,0.1254,-1.0039,-23.1908
10.7889,9.0597,-0.4381,-1.5395,0.1094,-1.0329,-4.1832
10.8078,8.9902,-0.0622,-2.6983,0.1118,-1.0305,-9.2672
10.8269,10.4148,0.0335,-3.5243,0.0674,-0.9964,-3.8855
10.8459,9.8090,-0.1293,-3.5937,0.0720,-0.9698,-8.7710
10.8652,9.7300,1.7334,-3.9768,0.0590,-0.5324,-5.5267
10.8838,8.7963,1.0918,-4.3862,0.0296,-0.4980,-1.9160
10.9028,9.9192,-0.5100,-4.2760,-0.0505,-0.5632,0.6870
10.9216,9.0788,0.2346,-5.3223,-0.0150,-0.2880,1.0076
10.9410,9.3039,0.0790,-5.5857,0.0064,-0.0334,1.3817
10.9600,9.1051,0.1101,-4.9775,-0.0183,0.0696,1.5496
10.9789,9.1387,0.5267,-6.1699,-0.0399,0.2463,12.7099
10.9971,9.6462,-0.2753,-5.3798,-0.0797,0.4916,6.1679
11.0149,8.8178,0.2705,-5.7509,-0.1419,0.6371,10.6870
11.0342,9.1435,-0.2897,-4.7549,-0.2026,0.7560,10.3893
11.0527,9.3039,0.0335,-3.7589,-0.2369,0.8041,10.0534
11.0713,9.4236,-0.1580,-3.6823,-0.2293,1.0108,7.9771
11.0904,9.2033,0.8930,-4.2401,-0.2339,1.2606,7.5802
11.1094,9.4930,0.3496,-0.8811,-0.1985,1.3240,3.5496
11.1291,9.9575,-0.2921,-1.5538,-0.1711,1.3810,1.1145
11.1484,9.9311,-0.2011,2.2338,-0.2535,1.2227,-1.3359
11.1678,9.6798,-0.0670,-1.0032,-0.2120,1.1098,-1.6412
11.1865,9.8976,-0.1532,0.4238,-0.2122,1.0701,-1.2977
11.2056,9.5170,0.1915,3.0718,-0.1928,0.8674,-1.8321
11.2249,10.2568,0.2442,1.6592,-0.2305,0.7414,-3.3282
11.2439,9.7348,0.2705,2.6863,-0.1847,0.5933,-2.5191
11.2628,10.0461,0.2634,3.6033,-0.1105,0.3525,-1.3206
11.2809,9.9695,0.1221,3.0023,-0.0450,0.1463,-0.0763
11.2990,9.9910,0.1173,3.2058,0.0033,-0.0261,0.7328
11.3175,9.9264,0.1101,2.7605,0.0414,-0.1295,1.6336
11.3361,9.8306,0.1317,2.3846,0.0798,-0.2111,2.3511
11.3540,10.0820,0.1125,2.5450,0.1165,-0.3175,2.8855
11.3723,10.0485,0.1269,3.1915,0.1746,-0.5180,3.5802
11.3910,10.2831,-0.0072,3.4572,0.2552,-0.8257,4.4580
11.4106,9.4379,0.0886,2.0111,0.3140,-0.8523,4.8931
11.4299,9.5648,-1.4198,0.1939,0.2844,-1.3041,2.5496
11.4494,9.4547,-0.0670,-0.2801,0.2975,-1.5167,2.0153
11.4697,8.9902,0.1245,-0.1221,0.3166,-1.6292,3.1221
11.4890,9.8857,0.1460,-0.2131,0.4178,-1.5584,6.2061
11.5082,9.2991,-0.1891,-5.5019,0.3730,-1.3659,11.2290
11.5272,9.5457,-0.3256,-3.8427,0.2929,-1.1315,9.0076
11.5466,9.3685,-0.2490,-4.3718,0.2664,-0.9700,7.7863
11.5646,9.4715,-0.2753,-5.0877,0.1984,-0.7857,6.1527
11.5831,9.4068,-0.3424,-5.4229,0.1429,-0.5625,4.3588
11.6188,9.4379,-0.3879,-5.2672,0.0327,-0.2007,-4.3511
11.6373,9.3589,-0.2993,-5.7652,0.0029,-0.0015,-0.2290
11.6566,9.4403,-0.2753,-4.9584,-0.0295,0.1195,-1.1298
11.6748,9.4355,-0.3376,-5.1930,-0.0741,0.3090,-2.5573
11.6936,9.6510,-0.2179,-4.4077,-0.0962,0.3972,-3.1069
11.7128,9.3901,-0.2251,-4.5059,-0.1265,0.4939,-3.9313
11.7317,9.5457,-0.2538,-4.5633,-0.1559,0.6161,-5.1832
11.7516,9.5074,-0.2586,-5.1619,-0.2215,0.8743,-7.5496
11.7701,9.7468,-0.3591,-4.0725,-0.2887,1.1227,-8.8779
11.7894,8.7412,0.9361,-3.7709,-0.3296,1.2067,-4.1069
11.8096,9.8474,-0.0814,-1.3431,-0.3860,1.2213,0.0840
11.8291,9.7875,-0.0599,-3.7421,-0.2755,1.6015,-0.0763
11.8489,9.2536,-0.0239,-0.5914,-0.2754,1.6835,-2.0916
11.8645,9.3996,0.0168,1.2306,-0.2907,1.6160,-2.7023
11.8816,8.2911,0.7039,-0.0790,-0.3314,1.4749,-1.0534
11.8952,8.5880,1.0319,4.0654,-0.4271,1.2988,-6.3282
11.9093,10.0963,-0.2514,3.2561,-0.3806,1.2232,-6.6107
11.9229,9.8785,0.0144,5.7389,-0.3017,0.8496,-7.1603
11.9367,10.0413,0.1844,5.2026,-0.2007,0.6054,-7.1527
11.9515,9.3470,0.0742,4.0199,-0.1470,0.4431,-5.4656
11.9669,9.5313,0.0982,4.2497,-0.0982,0.2911,-3.2977
11.9861,9.3158,0.1844,5.0087,-0.0298,0.0286,0.5802
12.0050,9.4092,0.1006,4.6424,0.0677,-0.2564,3.7863
12.0242,9.3661,0.1365,3.7014,0.1232,-0.4210,5.7252
12.0434,9.5744,0.0862,3.3040,0.1652,-0.5771,7.2061
12.0625,11.1426,-0.1532,3.0167,0.1966,-0.6363,4.1756
12.0816,9.8641,0.0551,3.7493,0.2664,-0.8676,5.2977
12.0998,9.7444,0.1173,2.7126,0.2991,-0.9976,5.5725
12.1187,10.5967,0.5650,5.7892,0.2116,-1.2115,2.0458
12.1370,9.6151,0.0192,0.7614,0.2631,-1.3698,2.2137
12.1550,9.6558,-0.0287,1.0822,0.2759,-1.4544,1.8702
12.1746,9.5744,-0.0694,1.4413,0.2914,-1.6897,2.2137
12.1933,9.2368,-0.0790,-0.9433,0.3087,-1.7794,2.7099
12.2125,9.1004,-0.0192,-1.7621,0.2926,-1.8764,3.2748
12.2311,8.9759,1.1660,-8.5377,0.2679,-1.5150,6.5115
12.2500,9.6151,-0.4525,-5.3798,0.2762,-1.0794,8.7405
12.2691,9.3757,-0.3735,-6.3111,0.1887,-0.7526,2.9389
12.2879,9.3518,-0.4788,-5.8945,0.1038,-0.5193,-7.3817
12.3075,8.9423,-0.1245,-6.7684,0.0020,-0.2729,-9.8855
12.3265,10.0485,-0.3041,-6.8354,-0.0684,0.0832,-9.7710
12.3455,9.2895,0.0862,-5.5450,-0.0800,0.3277,-3.0076
12.3640,9.1961,-0.1796,-6.7181,-0.1616,0.5821,-4.5420
12.3834,8.9304,-0.1125,-5.6910,-0.2433,0.8448,-5.7481
12.4023,10.7188,-0.0383,-5.0637,-0.3164,0.9221,11.4122
12.4215,9.9024,-0.2251,-6.2369,-0.3565,1.3492,9.5878
12.4400,9.5074,0.1796,-4.4508,-0.2850,1.7035,5.9237
12.4583,8.9040,-0.2969,-3.0478,-0.2961,1.9094,4.7023
12.4764,9.0094,-0.1580,-0.9505,-0.3367,1.9094,-1.6260
12.4949,9.0309,-0.0455,1.7813,-0.3552,1.8293,-2.3664
12.5137,8.9902,-0.1125,1.6376,-0.3179,1.7109,-2.5649
12.5322,9.2201,-0.0694,2.3008,-0.2869,1.6053,-1.9237
12.5519,10.8864,0.1245,4.8195,-0.3416,1.0445,-8.7328
12.5705,8.5353,0.0982,5.7150,-0.1967,0.5620,-6.6260
12.5898,9.4739,0.1365,4.8411,-0.1332,0.2799,-2.8473
12.6089,9.2464,0.2274,6.2130,0.0242,-0.1974,2.6031
12.6273,9.3111,0.1413,5.0470,0.1394,-0.5520,6.7939
12.6468,9.4691,0.0359,3.4405,0.2130,-0.7855,3.2977
12.6657,10.0628,0.0766,5.6192,0.3010,-1.0769,5.3206
12.6850,10.0413,-0.0718,5.2361,0.2739,-1.5173,2.3588
12.7040,8.9256,-0.1293,2.0183,0.3266,-1.8061,3.1221
12.7230,9.2344,-0.0048,1.2641,0.3605,-1.9094,2.7939
12.7419,8.9376,-0.2107,-0.5962,0.3694,-1.9094,2.1527
12.7603,8.6550,-0.1149,-2.6600,0.3475,-1.9094,2.0305
12.7781,8.4396,-0.1437,-3.9624,0.3032,-1.9094,2.9237
12.7966,8.4443,-0.2538,-4.9919,0.2661,-1.8468,4.0229
12.8153,8.1882,-0.0934,-6.5912,0.1942,-1.6832,7.1603
12.8351,9.1411,-1.9489,-6.6966,0.0090,-1.1397,-27.0382
12.8540,7.5322,7.6902,-9.6558,-0.1392,-0.7910,-12.7786
12.8733,8.5665,-0.0718,-8.0325,-0.1235,-0.5571,5.0534
12.8916,8.3103,0.8906,-6.8953,-0.3981,-0.6581,15.8321
12.9104,7.4005,0.6225,-8.1906,-0.4179,-0.3942,24.3511
12.9292,8.0517,0.3352,-9.0429,-0.2729,0.2517,28.8168
12.9484,8.1139,0.1915,-8.3103,-0.2045,0.7662,31.0076
12.9685,8.5018,-0.2035,-7.3454,-0.2639,1.0120,32.1756
12.9873,8.7484,-0.1077,-7.1658,-0.3714,1.1865,32.4809
13.0070,9.3398,-0.3256,-5.2146,-0.4468,1.3940,28.3893
13.0260,8.6933,-0.0527,-3.7182,-0.5287,1.4066,35.4885
13.0449,8.9112,-0.3472,-4.2713,-0.6564,1.4376,32.7786
13.0630,9.1985,-0.8667,-3.6176,-0.7867,1.4768,19.8015
13.0815,9.5864,-0.7638,-1.8866,-0.8868,1.3105,12.6336
13.0992,8.9352,0.3304,-0.4549,-0.8853,0.8642,20.7786
13.1183,10.4986,-1.1899,-0.4525,-0.7634,1.0614,15.8550
13.1369,9.9096,-0.9002,-0.3711,-0.6805,1.0973,5.2748
13.1559,10.7931,-0.8571,1.6161,-0.5769,0.9498,-9.4809
13.1748,10.2280,-0.5770,2.9544,-0.3804,0.4959,-11.2366
13.1928,9.4499,0.7853,1.1061,-0.2399,0.2849,-4.6336
13.2123,9.6822,-0.3998,1.4676,-0.1044,0.2640,-4.0534
13.2313,10.1299,-0.3998,0.3879,0.0568,0.5360,-3.7252
13.2508,9.7396,-0.0551,-0.2777,0.2084,0.6484,-0.3053
13.2699,9.5289,-0.9625,0.7135,0.2879,0.5085,3.6565
13.2892,9.0884,-0.7877,3.7996,0.3384,0.3014,7.9389
13.3085,11.7340,0.6871,2.3056,0.4503,0.0843,4.3817
13.3268,18.6389,-5.8442,9.7085,0.1541,-0.4676,0.9924
13.3464,8.6886,0.3663,4.7357,0.2939,-0.1686,2.5573
13.3653,8.7939,0.2466,-0.2562,0.3170,-0.0259,7.4580
13.3845,10.2999,0.0814,0.4477,0.2976,-0.0186,7.1603
13.4028,10.2903,-0.0862,1.2617,0.2681,-0.1757,7.0000
13.4208,10.4890,-0.1389,0.9409,0.2537,-0.4440,8.0458
13.4394,9.0549,0.1724,-0.0383,0.3208,-0.6267,8.5267
13.4578,9.7420,0.0622,-2.1021,0.3670,-0.7533,5.4427
13.4767,11.1690,-0.1604,-0.4190,0.4080,-0.8960,2.9084
13.4956,9.8857,0.7015,-0.0192,0.2819,-1.1118,1.5191
13.5147,9.9814,0.0838,-0.6416,0.2733,-0.9812,1.9466
13.5338,9.7085,0.1700,-2.9209,0.2707,-0.9396,-0.5267
13.5526,9.4691,0.2729,-1.6879,0.2261,-1.1502,0.4046
13.5717,9.4978,0.0239,-2.6312,0.2221,-1.2431,0.9542
13.5903,9.3709,-0.0072,-2.3559,0.2132,-1.2708,1.1145
13.6095,9.3422,0.0144,-3.1963,0.1862,-1.2885,-7.9695
13.6291,9.6271,-0.1293,-2.1644,-0.0440,-1.4715,-4.6794
13.6480,8.5784,-0.0335,-8.9471,-0.2449,-1.1327,12.2672
13.6668,4.8315,1.0104,-10.1969,-0.4460,-0.9446,35.5267
13.6856,8.9016,0.2370,-8.6694,-0.5557,-0.6336,36.4656
13.7044,8.8945,0.5578,-7.8721,-0.4851,-0.1914,33.4122
13.7228,8.1810,0.0263,-8.5329,-0.3007,0.3473,29.3206
13.7407,9.5481,-0.5171,-6.2130,-0.2301,0.7381,21.3053
13.7590,9.1459,-0.5531,-6.4548,-0.2224,1.0279,13.8855
13.7784,9.2488,-0.3998,-6.4045,-0.1972,1.3166,7.2366
13.7970,8.8945,-0.4501,-5.0254,-0.1464,1.5883,3.9466
13.8163,8.8322,0.2179,-3.6943,-0.0033,1.7336,4.2443
13.8353,9.1171,-0.3615,-2.7222,0.0484,1.8670,-2.7634
13.8544,9.2273,-0.5866,-1.0870,0.1625,1.8704,-6.5802
13.8735,9.2775,-0.2514,-1.3623,0.2632,1.9094,-6.2061
13.8921,19.6127,-9.5217,-5.3750,-0.4632,1.8378,11.4656
13.9117,10.1921,-0.4669,2.2817,-0.3215,1.4871,11.4427
13.9307,9.5577,-0.2274,0.4549,-0.3371,1.5761,11.1603
13.9499,9.5936,-0.5100,4.1539,-0.2932,1.4593,-4.0534
13.9689,9.2488,-0.4908,6.0166,-0.2145,0.9111,-9.0992
13.9877,9.3925,0.1245,3.7828,-0.1561,0.6594,-0.1069
14.0074,9.1889,-0.2658,5.0685,-0.1179,0.4299,-0.3130
14.0259,9.1913,-0.2538,5.2074,-0.0408,0.1499,0.1908
14.0450,9.2225,-0.2849,4.4077,0.0080,-0.0318,0.2748
14.0629,9.0980,-0.2897,5.2170,0.0693,-0.3066,0.2290
14.0811,9.1291,-0.2993,5.7485,0.1484,-0.6479,0.2519
14.0997,9.0764,-0.3065,5.2098,0.2352,-1.0078,0.2977
14.1180,8.9543,-0.3328,4.7669,0.3092,-1.3173,-1.0458
14.1370,9.2225,0.6345,3.0023,0.2696,-1.2030,-8.3282
14.1560,9.7157,-0.2322,3.2633,0.2840,-1.3194,-9.2214
14.1749,9.3613,-0.2801,2.9497,0.3847,-1.4881,-12.1450
14.1938,9.7109,-0.3974,0.1341,0.4051,-1.3299,5.7710
14.2127,8.8035,-0.2346,-0.4860,0.3690,-1.3250,5.3053
14.2312,9.1937,-0.2466,0.1221,0.4162,-1.2579,1.2672
14.2505,4.7764,-2.4301,-8.4779,0.0024,-1.4749,1.6260
14.2697,8.9423,0.6416,-2.8276,-0.0157,-1.4637,-0.3130
14.2891,9.6630,0.2705,-4.8028,-0.0113,-1.1101,0.3588
14.3084,10.0748,-0.1077,-4.0630,-0.0066,-0.8519,0.0153
14.3269,9.5553,0.0551,-4.1396,-0.0100,-0.6752,1.0305
14.3460,9.6247,0.0359,-4.8291,-0.0211,-0.4832,3.1832
14.3640,8.8178,0.2298,-6.1196,-0.0897,-0.3436,8.3130
14.3819,9.2225,0.1460,-4.9009,-0.2631,-0.3045,17.4046
14.3997,9.2129,0.8906,-3.5937,-0.3561,-0.1995,20.2214
14.4182,8.9926,0.0814,-4.7788,-0.3173,0.0759,17.8779
14.4376,10.0700,-0.2155,-6.9240,-0.2469,0.4127,13.5954
14.4565,9.8737,-0.0958,-6.3231,-0.1974,0.8316,10.9008
14.4756,9.4284,-0.0575,-4.3622,-0.1802,1.1178,9.6183
14.4944,9.4164,0.0072,-3.3758,-0.1366,1.2790,10.7405
14.5143,9.4068,0.0335,-3.0095,-0.0931,1.4344,8.3053
14.5334,9.6055,-0.4549,-1.8004,-0.0751,1.5156,1.0687
14.5648,9.5912,-0.3926,-1.6352,0.0047,1.6607,-4.2824
14.5837,9.2512,0.3974,0.3879,0.0883,1.7028,0.7557
14.6024,1.0463,-13.1083,4.8363,-0.1413,1.3687,4.0687
14.6223,8.7987,-0.6057,2.5833,-0.2509,1.1883,-2.9847
14.6407,9.6798,-0.4645,2.8994,-0.2361,1.1299,-0.1756
14.6597,12.2727,-0.8475,7.2951,-0.1742,0.6839,-3.0534
14.6775,9.0692,-0.2011,4.2114,-0.0978,0.4291,-5.5649
14.6960,9.4475,-0.0838,5.0518,-0.0397,0.1653,-4.7023
14.7146,9.3111,-0.1006,5.1188,0.0383,-0.1477,-0.8244
14.7330,9.1530,-0.2011,6.1746,0.1554,-0.5674,-0.6489
14.7522,9.6223,-0.2562,5.5593,0.2726,-0.9931,-0.1908
14.7711,9.6127,-0.0886,4.5155,0.3783,-1.1585,-4.6336
14.7902,10.5919,0.6919,5.3750,0.4340,-1.3747,13.4198
14.8101,9.9024,-1.7478,9.7803,0.5532,-1.5251,5.2443
14.8291,9.2273,-0.9553,0.4381,0.5623,-1.7547,5.1374
14.8479,9.4954,-0.7470,1.1540,0.5320,-1.8319,-1.3206
14.8668,3.7637,-1.9058,8.0349,0.1008,-1.8552,0.4580
14.8858,8.9807,-0.2107,0.0048,0.0798,-1.9094,-0.0229
14.9045,9.3230,-0.8523,-6.1770,0.0280,-1.7640,-3.3588
14.9237,8.9974,0.2394,-5.4803,0.0629,-1.4916,-1.2366
14.9428,8.9208,-0.0072,-5.0111,0.0424,-1.4737,-2.0076
14.9613,9.0166,0.1317,-6.9336,0.0218,-1.2723,-4.0687
14.9795,8.6000,0.0886,-6.9576,0.0347,-0.8537,-5.5496
14.9972,8.8849,0.1125,-7.0413,0.0588,-0.5451,-5.4885
15.0163,8.7173,0.1006,-7.6614,0.0541,-0.3093,-7.8015
15.0348,8.5832,0.2227,-7.6974,0.0637,0.0062,-5.3740
15.0545,8.3701,0.2035,-7.7740,0.0788,0.3685,-3.8015
15.0727,8.3342,0.1676,-6.4931,0.0753,0.5985,-0.3435
15.0917,8.2815,0.1844,-6.6966,0.0679,0.7376,2.4733
15.1105,8.4683,0.3663,-6.7756,0.0514,0.9984,6.0763
15.1293,9.7947,-0.2634,-7.1730,0.0093,1.3400,0.6336
15.1491,9.0860,0.7757,-5.2337,0.0267,1.6725,-2.8550
15.1676,8.8083,0.9984,-4.1348,0.1170,1.9094,0.5191
15.1873,8.7676,0.5387,-3.1819,0.1835,1.9094,-1.4962
15.2055,8.9471,-0.3065,-1.5610,0.2618,1.9094,-7.7176
15.2243,8.3294,0.5100,-0.1700,0.0601,1.9094,-3.6412
15.2429,10.9966,2.2410,10.1418,0.2985,1.9094,0.2061
15.2620,8.8346,-1.3048,2.3990,0.4462,1.9094,-0.8092
15.2812,13.2567,-0.6632,6.0118,0.1111,1.8050,12.3282
15.2982,10.7907,-2.2505,4.1396,-0.1468,1.5117,1.6336
15.3112,9.3063,-1.3527,4.6280,-0.1131,1.3760,-6.2977
15.3252,8.6646,-0.3783,5.8323,-0.0827,1.4071,-5.2901
15.3391,8.0972,0.2897,6.1794,-0.0910,1.3837,-5.8321
15.3535,8.1882,0.8308,10.1586,-0.0290,1.0379,-0.1145
15.3673,8.6910,-0.4094,11.4132,0.0445,0.6937,3.3664
15.3819,8.5856,-0.0072,7.5441,0.1077,0.2905,6.5496
15.3963,8.1882,-0.2753,9.7899,0.2192,-0.0630,8.0992
15.4108,7.3454,0.1556,5.4540,0.1773,-0.1687,11.6412
15.4250,7.9895,0.1844,5.6623,0.1943,-0.0114,14.1374
15.4388,7.7979,-0.0168,6.1531,0.2080,0.0266,15.9389
15.4537,7.6806,-0.0958,4.7501,0.2219,-0.0874,16.8855
15.4680,8.3606,-0.1652,6.8474,0.2199,-0.0758,16.6718
15.4815,10.0963,-0.1508,9.4571,0.2591,-0.6017,15.2214
15.4960,7.4915,0.1101,6.4955,0.3076,-0.9002,19.7939
15.5138,8.1020,0.3543,6.6200,0.3777,-1.1030,28.8321
15.5328,8.3606,-0.5315,6.6559,0.3893,-1.4831,24.9466
15.5513,8.5018,5.9472,-0.0646,0.3588,-1.7935,19.5802
15.5704,7.6998,0.5722,1.8699,0.4225,-1.9094,22.8931
15.5892,8.4755,-0.0192,-2.3798,0.4230,-1.8878,6.0458
15.6088,10.0341,0.2873,1.6999,0.3695,-1.9094,12.1679
15.6282,9.3781,-0.4286,3.2920,0.4009,-1.9094,13.9695
15.6487,8.9160,0.0599,-1.7047,0.2895,-1.9094,18.4656
15.6689,12.2296,0.8212,-4.8770,0.2354,-1.4610,6.6641
15.6880,10.6135,-0.3089,-2.0782,0.2376,-1.0041,1.8397
15.7072,8.8873,-0.3855,-2.3798,0.1584,-1.0968,-17.7176
15.7268,8.6263,-0.1532,-4.5466,0.1126,-0.9727,-18.0534
15.7468,9.3589,0.1963,-4.5753,0.0815,-0.6974,-9.7634
15.7674,9.7564,-0.1508,-5.5857,0.0524,-0.3143,-1.5725
15.7877,9.6223,-0.0622,-4.9728,0.0193,-0.0484,0.3740
15.8073,9.6534,-0.1413,-5.9711,-0.0579,0.2210,-2.2977
15.8263,9.7875,-0.1269,-4.4700,-0.1142,0.3619,-2.7252
15.8448,8.9926,0.9242,-5.6407,-0.0957,0.6257,7.8397
15.8643,9.6726,-0.2658,-4.8291,-0.1816,1.0851,3.8931
15.8834,8.6766,0.1891,-4.8195,-0.1444,1.2725,4.0153
15.9026,9.5984,0.4118,-3.0119,-0.1219,1.5534,3.7099
15.9220,8.2001,0.6057,-2.8276,-0.1008,1.7659,1.6336
15.9412,9.6917,0.2107,-1.1253,-0.0617,1.9094,-2.1069
15.9607,8.8992,0.9840,-3.7924,-0.0784,1.9094,-5.7939
15.9835,8.8609,-0.8595,1.7885,-0.1373,1.9094,-10.4809
16.0032,10.4172,-0.8667,0.5555,-0.0495,1.8668,0.1679
16.0231,10.5967,1.7095,8.1594,-0.0789,1.7472,-9.9160
16.0431,8.1044,-0.4286,6.5625,-0.3238,1.2935,-15.9771
16.0630,8.1738,0.2586,7.6088,-0.2461,0.9392,-10.1756
16.0822,8.1020,0.1844,8.0110,-0.1355,0.5034,-4.9160
16.1036,8.0685,0.1077,7.8386,-0.0178,0.0482,0.5191
16.1243,8.1523,0.1365,7.0964,0.0702,-0.2743,4.1527
16.1426,8.1570,0.0359,6.6750,0.1197,-0.5367,7.2901
16.1613,8.2672,0.1221,6.3398,0.1965,-0.7375,10.1679
16.1806,8.1690,0.0670,5.7245,0.2516,-0.8731,13.0763
16.1999,8.5569,0.2107,6.4236,0.3139,-1.1443,17.5802
16.2193,8.5545,0.0551,6.1316,0.4039,-1.4786,21.3053
16.2384,8.1163,0.1748,4.8578,0.4835,-1.9094,32.8550
16.2577,8.7293,-1.1444,-0.4980,0.5119,-1.7341,17.3130
16.2763,8.6862,-0.0431,0.6847,0.4755,-1.6501,16.8779
16.2967,8.4420,-0.4142,-0.1676,0.4461,-1.6000,10.9695
16.3158,9.3541,-0.1293,-1.3072,0.3775,-1.5137,8.5191
16.3375,9.1435,-0.2969,-2.1787,0.3244,-1.3473,7.8092
16.3567,9.9168,-0.3519,-3.1077,0.2455,-0.9881,4.9313
16.3772,9.8426,-0.2035,-3.0502,0.1716,-0.7109,-0.1832
16.3973,9.9216,-0.0886,-2.7557,0.1344,-0.6177,-0.4580
16.4245,10.2089,-0.4334,-3.6392,0.0865,-0.3411,3.5649
16.4425,10.1969,-0.4046,-3.5458,0.0159,-0.1735,-4.0763
16.4616,10.3597,-0.0024,-3.4955,-0.0320,0.0152,-6.8931
16.4803,10.0963,-0.2801,-3.8235,-0.0885,0.2564,-9.5802
16.4994,9.8450,-0.0192,-3.2394,-0.1200,0.4475,-4.7099
16.5188,9.8138,-0.1077,-2.8994,-0.1722,0.6115,-6.3511
16.5378,10.1370,-0.1221,-3.6871,-0.2385,0.8403,-9.5191
16.5565,10.0868,-0.2035,-3.8068,-0.3137,1.1334,-2.6718
16.5749,10.7978,-0.4884,-6.1196,-0.3650,1.8291,-8.8397
16.5943,9.2249,-0.0215,0.8452,-0.4444,1.9094,-3.4427
16.6130,8.8897,0.8428,-1.2474,-0.4514,1.9094,-13.1374
16.6325,7.8913,-1.0630,0.4645,-0.5176,1.9094,-20.3893
16.6517,7.2736,-0.5363,2.3822,-0.5151,1.9094,-25.6031
16.6702,8.7556,3.4405,4.5945,-0.5688,1.8908,-27.2137
16.6895,7.2137,-0.0431,6.7684,-0.4711,1.6124,-23.4275
16.7080,7.5346,-0.0120,7.4316,-0.3851,1.4064,-16.4809
16.7276,7.2401,0.1317,8.8609,-0.2450,0.8997,-10.2595
16.7459,7.4508,0.1437,8.3175,-0.1287,0.4972,-5.2443
16.7647,7.5872,0.0407,7.5633,-0.0682,0.2632,-2.2366
16.7826,7.6160,0.0335,8.2241,0.0059,-0.0300,1.1450
16.8011,7.6998,0.0527,7.8123,0.0537,-0.2237,3.6412
16.8200,7.4508,0.0503,7.8338,0.1238,-0.4845,6.9924
16.8384,7.5226,0.0096,8.2241,0.2051,-0.8059,11.2061
16.8576,7.3861,0.0694,8.7412,0.3201,-1.2498,16.9084
16.8769,7.4555,0.0072,7.4148,0.4272,-1.6367,21.8168
16.8957,7.5992,-0.0311,6.2752,0.5173,-1.7639,26.6260
16.9150,7.8626,0.6680,0.8356,0.5425,-1.8640,31.3053
16.9335,8.3438,-0.2969,3.1292,0.5519,-1.9094,37.0611
16.9524,19.6127,-1.1277,-0.3448,0.5199,-1.8634,19.7099
16.9711,9.0094,-0.1772,1.2546,0.5122,-1.8546,18.7405
16.9900,9.4044,-0.3376,-1.3886,0.4552,-1.7734,16.6641
17.0088,9.4595,-0.3831,-1.5347,0.3973,-1.5706,14.8779
17.0279,9.7229,-0.3112,-2.8946,0.3290,-1.3947,12.8702
17.0467,9.9096,-0.3280,-3.9337,0.2529,-1.0420,9.4351
17.0648,9.9192,-0.3519,-3.6296,0.1646,-0.7513,7.2748
17.0827,9.7875,-0.3400,-2.5402,0.1239,-0.6329,1.4656
17.1010,9.4643,-0.1173,-3.2394,0.0789,-0.6044,5.6107
17.1205,10.4028,-0.2227,-4.1563,0.0264,-0.4322,5.3359
17.1391,9.7181,-0.2346,-4.4604,-0.0378,-0.1548,4.0229
17.1587,10.2975,-0.3112,-3.2082,-0.0645,0.0617,0.7786
17.1775,10.2615,-0.3017,-3.0861,-0.0709,0.2563,-2.9389
17.1964,10.0365,-0.3759,-4.3790,-0.1053,0.4871,-5.4351
17.2155,9.8066,-0.3496,-4.2784,-0.1802,0.7927,-8.3511
17.2338,9.8641,-0.4453,-3.3016,-0.2578,1.0315,-10.6718
17.2526,9.7420,-0.3543,-3.0430,-0.3067,1.2426,-12.7176
17.2708,9.7109,-0.2466,-2.2386,-0.3597,1.4625,-14.6794
17.2895,9.5217,-0.2322,-1.0942,-0.4077,1.6004,-16.0458
17.3079,9.3613,-0.3352,-0.6632,-0.4478,1.6227,-16.9924
17.3260,9.5912,-0.3352,-0.0910,-0.5144,1.7719,-18.9237
17.3441,8.9591,-0.4046,1.1325,-0.5561,1.8501,-20.3130
17.3622,15.6605,0.3256,5.5929,-0.4581,1.4546,-24.4275
17.3797,8.2432,-0.1724,1.4030,-0.4482,1.4763,-21.9389
17.3980,8.7005,-0.0431,5.7628,-0.3952,1.2801,-17.6641
17.4162,8.6670,-0.1413,4.8171,-0.3435,1.1832,-16.0076
17.4349,8.2863,0.0000,5.7030,-0.3010,1.0769,-13.2214
17.4531,7.9799,0.0742,7.2520,-0.2340,0.8176,-8.8168
17.4899,8.0756,0.0000,5.2074,-0.0818,0.3355,-4.1221
17.5092,8.2528,-0.0407,4.5370,-0.1121,0.4819,-4.3206
17.5287,7.9464,0.0431,7.0533,-0.0760,0.3397,-3.7328
17.5477,7.9248,-0.0048,7.3358,-0.0297,0.0609,0.4809
17.5661,7.9775,0.0551,7.4053,0.0405,-0.1682,3.2443
17.5854,7.6662,0.1484,8.5832,0.1431,-0.5789,8.6031
17.6038,7.6495,0.0838,8.8250,0.2544,-1.0583,14.1298
17.6237,7.5322,0.0263,7.0461,0.3657,-1.3532,19.0305
17.6423,7.5609,-0.0575,6.2920,0.4541,-1.4945,23.0687
17.6606,7.7405,-0.1365,4.9177,0.5173,-1.6512,26.3130
17.6784,8.0086,-0.1413,4.6471,0.5779,-1.8019,34.3969
17.6965,7.6974,-0.1891,4.7405,0.6231,-1.9094,20.7481
17.7155,10.0269,-0.3615,1.2067,0.6096,-1.9094,21.8779
17.7343,8.4851,-0.4453,0.1197,0.6055,-1.9094,20.8550
17.7533,9.1913,-0.5986,-1.9010,0.5153,-1.9094,17.9084
17.7722,9.4571,-0.4812,-3.1125,0.4210,-1.6127,14.7557
17.7909,9.7731,-0.4501,-3.4548,0.3397,-1.3184,11.9084
17.8097,9.7324,-0.5602,-3.5913,0.2698,-1.0647,9.5420
17.8282,9.7899,-0.3903,-4.6831,0.1986,-0.7757,6.5802
17.8476,9.9120,-0.5339,-4.8315,0.1157,-0.4455,3.7786
17.8667,9.9383,-0.3998,-3.9624,0.0602,-0.2269,1.8244
17.8856,9.9311,-0.3112,-4.1420,0.0128,-0.0443,-1.9466
17.9040,9.8809,-0.4190,-4.3383,-0.0404,0.1742,-2.0611
17.9232,9.9216,-0.3998,-4.0390,-0.0893,0.3587,-2.0000
17.9420,9.8474,-0.3089,-4.0821,-0.1405,0.5690,-6.0153
17.9608,9.8809,-0.3903,-4.6040,-0.1971,0.8539,-8.9237
17.9787,9.8114,-0.4549,-4.1252,-0.2920,1.1746,-12.0076
17.9970,9.6869,-0.4669,-3.8044,-0.3586,1.4872,-15.0076
18.0163,9.3948,-0.4932,-3.1508,-0.4478,1.8341,-18.5573
18.0346,8.8969,-0.3998,-1.9393,-0.5240,1.9094,-21.1756
18.0533,8.8657,-0.5148,-0.3759,-0.6036,1.9094,-22.8321
18.0717,8.2791,-0.5555,-0.4046,-0.6839,1.9094,-26.9389
18.0905,3.8930,1.6951,0.1484,-0.6288,1.9094,-24.4275
18.1103,7.4172,-0.8236,3.0670,-0.5758,1.9094,-23.7099
18.1312,6.9336,-0.1437,8.5497,-0.4788,1.8099,-23.3969
18.1502,7.0797,-0.1317,8.3965,-0.3671,1.4183,-15.9008
18.1704,6.7229,0.1628,10.1299,-0.2351,0.8478,-8.1985
18.1892,7.2712,0.0814,9.5984,-0.0614,0.2333,-1.6489
18.2094,7.7907,-0.0287,7.0485,0.0094,-0.0432,0.6412
18.2293,7.8147,-0.0168,6.9528,0.0389,-0.1561,2.9695
18.2497,7.7835,-0.1101,6.4021,0.0858,-0.3315,4.4733
18.2717,7.8314,-0.0096,6.4260,0.1125,-0.4126,6.5115
18.2898,8.0780,0.0311,7.0294,0.1569,-0.6061,8.4885
18.3091,7.9607,0.0407,7.6279,0.2349,-0.9226,12.8397
18.3283,7.6207,-0.1293,8.0278,0.3398,-1.3404,18.1985
18.3480,7.5465,-0.0215,6.9911,0.4474,-1.7212,22.8931
18.3672,7.7788,-0.0718,5.2744,0.5080,-1.8627,27.2137
18.3864,8.9591,-0.5555,6.3327,0.5633,-1.9094,36.6565
18.4061,12.1889,-0.7350,-0.3400,0.5536,-1.9094,20.3359
18.4266,8.2863,0.0359,1.9369,0.5662,-1.9094,21.4656
18.4458,8.4851,-0.5124,-0.2825,0.5729,-1.9094,21.3206
18.4651,8.7939,-0.5195,-2.1596,0.5359,-1.9094,18.6565
18.4853,9.1842,-0.6225,-4.0941,0.4271,-1.6729,15.1603
18.5053,9.5457,-0.5794,-4.4748,0.3306,-1.3052,11.8473
18.5246,9.5433,-0.5219,-4.1755,0.2716,-1.0639,9.9313
18.5454,9.5864,-0.5626,-4.5514,0.2216,-0.8794,7.9313
18.5645,9.3661,-0.5770,-5.2146,0.1586,-0.6303,5.5802
18.5846,9.5672,-0.5938,-5.5593,0.1031,-0.3405,2.6336
18.6027,9.5768,-0.6536,-5.5450,0.0221,-0.0862,-0.5191
18.6221,9.5385,-0.6464,-5.6383,-0.0301,0.1555,-3.9313
18.6411,9.5984,-0.6129,-5.2792,-0.0980,0.4015,-4.2977
18.6605,9.5672,-0.5626,-4.9392,-0.1536,0.6176,-6.5191
18.6797,9.6462,-0.6033,-5.0302,-0.2146,0.8775,-9.3588
18.6992,9.3661,-0.7614,-6.0573,-0.3268,1.3134,-13.5115
18.7192,9.1554,-0.6009,-4.5657,-0.4074,1.6515,-16.2901
18.7405,9.3087,-0.5195,-2.8802,-0.4710,1.8906,-18.7176
18.7602,8.9112,-0.4669,-1.6281,-0.5196,1.9094,-20.4122
18.7805,8.9280,-0.5578,-0.9601,-0.5658,1.9094,-22.4351
18.8003,8.5138,-0.6081,-0.0072,-0.6146,1.9094,-24.8855
18.8206,8.5688,-0.3950,13.4027,-0.5105,1.9094,-35.1298
18.8379,7.3478,0.6369,3.6943,-0.4085,1.9094,-17.3664
18.8528,7.4939,-0.0958,5.4229,-0.1956,1.9094,-11.2214
18.8663,7.2903,2.0830,1.8100,-0.1013,1.9094,-6.7405
18.8806,9.6103,-1.2282,8.2576,0.0038,1.9094,-0.7786
18.8941,4.8842,-0.0407,17.0467,0.0475,1.6287,1.9084
18.9072,5.4779,1.4174,12.1338,0.1171,1.0558,2.0229
18.9212,7.6998,-0.1724,12.8233,-0.0304,0.4595,-5.3588
18.9362,6.7780,0.3903,10.2065,-0.0192,0.0153,0.5954
18.9557,7.5609,0.1077,7.2903,0.0353,-0.1245,3.1603
18.9748,6.8857,0.2011,9.1387,0.1223,-0.4894,9.2061
18.9935,7.1730,0.1460,6.9767,0.2056,-0.6673,14.8550
19.0131,6.2465,0.3352,7.6016,0.2867,-0.7298,22.1450
19.0340,7.4723,0.3543,6.2800,0.2479,-1.0308,23.0000
19.0533,6.4715,0.3998,6.2584,0.1829,-1.5945,25.5802
19.0725,7.8841,0.0359,5.4851,0.2690,-1.6860,25.1679
19.0922,8.1092,0.0694,4.8147,0.2817,-1.8715,26.8092
19.1109,8.1355,-0.0048,3.8259,0.2967,-1.9094,28.6107
19.1316,11.8920,-1.6664,-2.5738,0.4940,-1.7832,18.3282
19.1508,9.7013,-0.1796,0.8212,0.4488,-1.7242,16.9924
19.1710,9.2608,-0.2945,-0.2059,0.4366,-1.7129,16.5420
19.1894,9.2847,-0.1580,-0.0072,0.4316,-1.7090,16.5038
19.2113,9.3326,-0.3424,-1.5921,0.4048,-1.6081,14.8092
19.2298,9.6367,-0.5866,-3.5123,0.3350,-1.3376,12.2061
19.2489,9.7109,-0.4118,-3.2633,0.2721,-1.1455,11.4351
19.2684,9.1602,-0.3304,-2.9688,0.2310,-1.2017,14.9924
19.2873,8.5641,-1.3575,-19.5151,0.0916,-0.8685,7.7328
19.3065,10.5034,-0.5842,-4.3048,0.0861,-0.7297,4.8779
19.3256,9.3015,-0.3065,-3.6871,0.0742,-0.7272,5.1298
19.3456,7.2449,0.7901,-9.2057,0.0625,-0.4258,5.2443
19.3649,9.8426,-0.9218,-4.5777,0.1082,-0.2603,3.8015
19.3841,9.4427,-0.5076,-5.1092,0.0562,-0.1306,1.2443
19.4039,9.4786,-0.5578,-4.6759,-0.0115,0.0368,-0.5115
19.4245,9.4547,-0.4645,-4.2329,-0.0286,0.0647,-1.8092
19.4434,9.5337,-0.6680,-5.3702,-0.1149,0.2844,-4.6947
19.4646,9.5457,-0.7278,-5.6910,-0.1344,0.4253,-6.1679
19.4834,9.4092,-0.6608,-6.6942,-0.2227,0.8654,-9.5191
19.5028,9.3877,-0.6728,-4.5274,-0.2921,1.1062,-19.4733
19.5210,9.4523,-0.7494,-2.9736,-0.3127,1.1591,-24.4504
19.5394,9.9503,-0.6871,-3.7996,-0.3287,1.2859,-29.7176
19.5589,10.2041,-0.3663,-3.3184,-0.3891,1.4313,-14.8244
19.5780,10.4986,-0.1053,-0.6823,-0.4744,1.3855,7.8702
19.5977,8.0900,0.0000,-1.2139,-0.4280,1.6863,-4.1298
19.6170,9.2751,-0.2873,1.0127,-0.2788,1.7210,-1.4885
19.6368,8.7436,-0.1939,0.6823,-0.1878,1.8606,-12.4656
19.6562,9.1459,0.1437,2.5187,-0.2026,1.7250,-7.5649
19.6751,12.4355,-0.5435,6.3135,-0.2378,0.8843,-0.2824
19.6947,10.5129,0.1820,4.3910,-0.2065,1.0055,-15.3130
19.7136,9.2847,0.0575,4.8794,-0.1950,0.8106,-9.0000
19.7344,8.7724,-0.0838,5.6743,-0.1590,0.5396,-7.5344
19.7533,9.1842,0.3496,2.8084,-0.0974,0.6126,-9.3130
19.7733,9.3948,0.0383,3.0694,-0.1188,0.7620,-11.4809
19.7931,8.6143,0.0239,4.8746,-0.1205,0.7505,-7.6794
19.8119,8.2241,0.1484,6.7924,-0.0846,0.4962,-6.1069
19.8326,8.3653,0.2203,6.7876,-0.0334,0.1695,-2.1221
19.8508,8.1570,0.2011,6.8666,0.0031,-0.0390,1.0916
19.8693,8.2696,0.3376,7.2975,0.0320,-0.3182,5.6565
19.8885,8.1068,0.1676,7.9248,0.0906,-0.7747,11.2443
19.9076,8.3797,0.1724,7.4771,0.1542,-1.2714,16.3359
19.9270,8.0996,0.1844,6.0693,0.2087,-1.6522,21.7023
19.9461,8.2456,0.1939,5.3463,0.2625,-1.9094,24.2137
19.9652,9.4667,-1.0894,3.7948,0.5232,-1.9094,20.3740
19.9859,8.0996,-0.2298,2.0111,0.5253,-1.9094,20.5191
20.0051,8.6718,-0.4262,1.9561,0.5779,-1.9094,22.4198
20.0247,8.3582,-0.4262,0.9337,0.6124,-1.9094,24.5954
20.0449,6.0717,-2.6264,-1.0104,0.5715,-1.9094,21.9924
20.0641,7.7524,-0.6608,-2.9066,0.6191,-1.9094,22.9389
20.0831,9.3948,-0.8284,-5.1140,0.5406,-1.9094,25.5267
20.1035,6.7564,-1.5514,-10.9032,0.3924,-1.0751,13.2061
20.1239,8.8131,-0.8595,-6.0501,0.3221,-0.7784,10.1145
20.1435,9.1123,-0.7207,-6.2393,0.2239,-0.5626,6.9466
20.1616,8.6000,-1.0127,-7.9727,0.1338,-0.2457,2.3359
20.1958,9.1243,-1.1325,-4.9297,-0.0318,0.0598,-1.5954
20.2163,8.7819,-1.0319,-7.0198,-0.0913,0.2653,-4.9847
20.2422,8.9663,-1.0319,-7.3023,-0.2624,0.6445,-10.6947
20.2608,8.4755,-0.8236,-6.3997,-0.4240,0.9028,-23.6489
20.2791,9.5457,-0.6847,-4.3215,-0.4803,0.9569,-37.9618
20.2985,8.0397,-0.4453,-3.8978,-0.4961,1.0561,-29.6260
20.3172,9.0549,-0.3998,-2.9161,-0.4915,1.0158,-20.1298
20.3361,5.3678,1.7980,-7.0629,-0.3725,1.1876,-17.5038
20.3566,8.8729,0.1987,-3.6129,-0.4139,1.1918,13.1450
20.3754,9.3134,-0.4070,-2.0806,-0.4313,1.3877,0.3053
20.3949,8.8035,1.9178,2.7198,-0.3832,1.3031,1.1832
20.4165,8.8825,-0.7805,-0.2490,-0.3835,1.1668,2.6412
20.4354,10.6135,0.1460,-0.8859,-0.3478,1.2858,-1.3435
20.4532,8.7197,-0.8380,0.8260,-0.2577,1.4389,-2.3664
20.4714,9.6845,0.2873,1.5610,-0.1923,1.4210,-5.8702
20.4898,9.4523,0.6081,2.7174,-0.0600,1.2388,-2.5954
20.5083,10.2855,-0.5052,5.3367,-0.0526,0.7670,-1.0153
20.5272,10.6686,0.5052,5.0733,-0.1439,0.2583,-2.7176
20.5456,9.9431,-0.1341,1.9321,-0.0959,0.0885,-3.5725
20.5645,9.6343,0.2705,2.9688,-0.0892,0.0185,-2.1985
20.5832,9.4284,0.1891,4.0845,-0.0274,-0.1122,1.1527
20.6014,9.3470,0.2227,3.2657,0.0473,-0.1642,2.8397
20.6206,9.7468,0.0239,3.4548,0.0869,-0.2986,4.2748
20.6392,9.8402,0.1508,3.1220,0.1308,-0.4595,5.5878
20.6578,9.6510,0.1748,3.2657,0.1781,-0.6179,7.5802
20.6759,9.7588,0.0120,3.0191,0.2280,-0.8004,9.2137
20.6947,9.6678,-0.0886,1.9896,0.2639,-0.9138,9.8702
20.7140,9.8833,-0.0527,0.7302,0.2625,-0.9290,9.1374
20.7322,9.7851,-0.1125,2.5402,0.2694,-1.0741,11.4427
20.7501,9.7636,-0.1125,-0.0790,0.3130,-1.2048,12.2214
20.7677,9.8450,-0.1820,-1.0558,0.2683,-1.2345,11.3817
20.7869,9.4260,-0.6105,-1.7454,0.1854,-1.4700,-11.8397
20.8054,11.0516,-1.7358,-3.2681,0.1425,-1.1502,-42.1832
20.8240,18.4497,1.7382,-6.6726,0.1547,-0.6078,7.4122
20.8430,10.6566,0.6009,-2.7078,0.1217,-0.4402,0.4198
20.8621,10.4100,-0.1053,-3.6416,0.0699,-0.2899,-1.1908
20.8807,10.0221,0.0287,-3.2633,0.0257,-0.1359,-3.5573
20.8991,10.1921,-0.0359,-2.8132,0.0068,-0.1084,-8.6641
20.9177,10.1682,0.0359,-1.7549,-0.0078,-0.0865,-0.9313
20.9361,9.0333,0.2418,-2.9928,-0.0160,0.0438,-0.9084
20.9546,9.9766,0.1149,-2.7342,-0.0288,0.0711,-0.2748
20.9727,9.2320,0.0479,-1.9992,-0.0291,0.0119,1.2290
20.9923,9.9838,0.1149,-2.1979,-0.0445,0.0128,0.9237
21.0108,9.6654,0.1197,-2.7007,-0.0452,0.0366,1.2901
21.0291,10.0365,0.1341,-2.5929,-0.0584,0.0400,1.1908
21.0479,10.0748,-0.0072,-2.3942,-0.0731,0.0831,-0.0687
21.0662,9.9790,-0.2777,-4.7190,-0.0865,0.3833,3.4580
21.0846,9.8066,-0.5411,-0.7039,-0.0938,0.3987,3.2595
21.1031,9.8258,0.4094,-2.0303,-0.0778,0.4268,1.5496
21.1227,9.8378,-0.1077,-3.0430,-0.1380,0.7091,0.7176
21.1413,11.1929,-0.0646,1.8579,-0.1843,0.7168,3.8473
21.1607,9.8330,0.1006,3.7469,-0.1843,0.6322,3.5496
21.1797,10.9008,-0.2729,3.1819,-0.1764,0.4679,3.7634
21.1987,11.6071,0.3950,-0.6201,-0.1594,0.4161,2.3664
21.2184,11.0229,-0.0503,0.3735,-0.1736,0.3341,3.6260
21.2370,9.9120,0.1484,0.7278,-0.1802,0.2313,1.3588
21.2568,9.8402,0.1915,0.7614,-0.1586,0.1121,0.7405
21.2758,10.3525,0.0575,1.6496,-0.0433,-0.1698,1.8931
21.2948,10.2903,-0.0431,-1.0439,-0.0454,-0.3062,3.7405
21.3136,9.7205,0.1772,-0.0694,-0.0835,-0.4301,4.8321
21.3327,10.2520,-0.0982,-0.8547,-0.0524,-0.1972,0.7786
21.3520,11.3533,-0.4477,-1.2282,-0.1223,-0.1517,-3.8550
21.3710,12.7802,0.7159,0.3112,-0.3094,-0.3184,1.0305
21.3893,11.9088,0.8619,-1.3264,-0.3076,-0.1732,-2.4962
21.4085,10.7931,0.6153,1.5347,-0.3259,-0.0255,-7.9618
21.4280,10.9511,0.0311,-1.0798,-0.3660,-0.0668,-9.3740
21.4475,11.1187,1.0654,-1.0487,-0.3513,-0.1313,-10.3130
21.4672,9.5170,0.8140,-1.3048,-0.3108,-0.1802,-13.4427
21.4862,10.2711,0.3903,-1.2665,-0.2480,-0.2040,-12.5954
21.5054,10.0485,0.6488,-0.3903,-0.2283,-0.1265,-12.8092
21.5287,10.6949,0.9601,-1.2881,-0.2558,-0.0625,-6.4122
21.5475,10.7955,0.1389,-1.0630,-0.2456,-0.1335,-4.2824
21.5675,10.6398,-0.2322,-1.2570,-0.2271,-0.0882,-8.1298
21.5868,10.9128,-0.1963,0.1053,-0.2363,0.1319,-9.5420
21.6064,10.7428,-0.2969,-1.8316,-0.2838,0.2115,-6.4885
21.6262,10.5800,-0.4932,-2.2673,-0.3490,0.4484,-12.5573
21.6452,10.8960,-1.7693,-2.3966,-0.4151,0.7773,-25.2672
21.6651,10.7380,-0.8691,-1.9154,-0.5001,1.0329,-27.6794
21.6841,10.5967,-0.4310,-0.8332,-0.5527,1.0950,-26.3664
21.7029,10.3645,0.8236,-0.2251,-0.6045,0.9193,-18.1450
21.7219,9.5433,1.9680,1.8507,-0.5383,0.5929,-3.1221
21.7408,10.2400,1.8028,1.4509,-0.4145,0.3376,4.1069
21.7604,9.2751,1.2306,1.0606,-0.2327,0.3400,16.5038
21.7795,8.9519,1.1301,1.7358,-0.0103,0.2943,24.7328
21.7992,7.5226,0.6895,1.1779,0.1746,0.2225,31.1679
21.8186,6.8594,0.4741,0.3926,0.2617,0.2130,24.5344
21.8393,6.8738,0.3280,1.3767,0.3356,0.1047,4.6947
21.8586,6.8666,0.1820,0.4884,0.3390,0.0119,-13.9924
21.8779,7.7476,0.6416,1.6927,0.3313,-0.0548,-32.3511
21.8986,9.2632,1.3312,1.4892,0.2666,-0.0156,-25.8855
21.9173,10.1945,1.5347,2.0734,0.1199,0.0336,-6.7328
21.9378,11.2743,1.5634,2.5379,0.0158,-0.0513,2.0458
21.9569,11.7388,1.2809,2.3248,-0.0496,-0.0712,5.2977
21.9774,12.3756,1.2809,3.1867,-0.0809,-0.2601,5.7405
21.9965,12.7180,0.8547,3.0335,-0.0456,-0.1945,8.4122
22.0152,13.2567,1.0056,2.0830,-0.0792,-0.1069,14.8779
22.0343,12.8138,1.1277,2.2362,-0.1190,0.0475,32.0076
22.0539,12.9694,0.9290,2.6743,-0.1425,0.0479,43.2824
22.0725,12.3613,0.6153,2.3224,-0.1322,0.0183,46.0229
22.0918,11.5736,0.2346,1.4940,-0.1133,0.0630,41.7405
22.1111,10.6829,0.6081,1.3767,-0.1185,0.0928,46.2824
22.1325,9.4475,0.3855,0.6632,-0.1828,0.1424,54.0000
22.1516,8.0828,-0.1149,0.1891,-0.2815,0.1638,51.5344
22.1696,6.3279,-0.2873,0.1269,-0.3228,0.1845,48.5496
22.1837,5.0781,-0.8404,0.1317,-0.3252,0.1989,45.4198
22.1983,4.9464,-0.7925,0.0024,-0.2822,0.3482,28.9466
22.2121,5.3726,-1.0247,-0.4477,-0.2171,0.3678,-3.0840
22.2284,5.6862,-0.9002,0.4334,-0.1910,0.0903,-33.0916
22.2424,5.2409,-0.4621,1.4796,-0.0722,-0.0625,-39.1985
22.2556,5.2529,-0.4645,1.3240,0.0810,-0.0467,-40.9084
22.2706,6.8235,-0.7685,1.2785,0.1756,-0.0509,-47.8397
22.2896,8.7197,-0.3903,2.2075,0.2680,-0.0963,-53.1069
22.3099,10.3669,0.2035,3.2489,0.3582,-0.0285,-40.3969
22.3287,12.8688,0.7805,4.8052,0.3812,-0.3185,-23.6336
22.3489,14.2240,0.5052,4.5298,0.3666,-0.4575,-17.0840
22.3677,14.8656,0.9744,4.0270,0.2335,-0.6828,-7.9160
22.3882,15.6940,0.8332,4.2928,0.0252,-1.2454,-2.4885
22.4075,15.0116,0.5531,3.0047,-0.1555,-1.6315,1.6489
22.4268,13.6230,0.4717,0.3304,-0.3327,-1.6185,9.1298
22.4487,11.8393,0.2083,-0.6225,-0.5027,-1.8015,10.0687
22.4680,10.6207,0.0670,-0.0886,-0.5492,-1.9094,3.8855
22.4877,8.8298,-0.0239,-2.4373,-0.4962,-1.9094,-13.6031
22.5080,7.0677,-0.2011,-3.2058,-0.4492,-1.8981,-21.7405
22.5274,6.6487,0.1604,-4.2306,-0.4275,-1.9094,-37.1145
22.5477,5.3199,-0.2873,-5.6360,-0.4745,-1.5027,-42.4275
22.5662,4.9991,1.0822,-5.2505,-0.5390,-0.8202,-34.2519
22.5856,4.1803,1.5227,-6.9456,-0.6453,0.0142,-12.0458
22.6046,4.2353,1.3862,-7.2472,-0.7848,0.6918,9.7023
22.6233,4.4700,1.5897,-7.0342,-0.8412,1.3813,23.6260
22.6429,6.0478,1.1133,-5.2936,-0.8392,1.8190,29.4504
22.6619,8.0493,2.0087,-4.8770,-0.8791,1.9094,103.2824
22.6819,12.7036,-4.7812,3.0406,0.0304,1.9094,101.6641
22.7018,11.8154,0.9122,-11.0085,0.1175,1.9094,83.9084
22.7210,9.3589,2.6576,1.5299,0.0318,1.9094,105.7481
22.7433,12.3708,0.6919,3.2250,0.0998,1.9094,90.6870
22.7622,13.4770,-1.3120,4.3167,0.4517,1.0752,43.7252
22.7825,12.0428,-1.8316,4.1013,0.8291,0.8955,17.5573
22.8023,10.9750,-1.4605,2.2003,0.9934,1.3387,20.4962
22.8224,10.9128,0.0694,3.7924,0.9604,1.3344,23.7252
22.8425,11.5975,0.1748,6.0837,0.8701,0.6625,20.8092
22.8618,9.6510,0.2705,3.7541,0.7308,0.6019,20.8702
22.8808,10.0652,-0.3041,4.6687,0.5906,0.4628,13.5038
22.9000,8.4324,0.0886,3.2274,0.3337,0.4489,1.1985
22.9196,8.3342,-0.0910,3.0287,0.0044,0.1123,-27.6336
22.9391,8.1259,0.4764,4.2880,-0.3437,-0.6399,-43.6870
22.9587,8.2025,1.0295,4.8483,-0.5501,-1.4486,-41.2748
22.9784,7.9990,1.0391,4.1013,-0.5969,-1.8573,-35.4809
22.9994,8.0876,0.9864,5.0518,-0.4830,-1.9094,-33.0763
23.0186,7.7788,0.6440,3.6990,-0.3037,-1.9094,-36.1069
23.0377,7.3502,-0.0814,3.5434,-0.1143,-1.9094,-44.6412
23.0583,7.4771,0.4381,0.9792,0.0026,-1.9094,-54.2977
23.0774,7.7788,1.0127,-1.6041,-0.0628,-1.9094,-60.8015
23.0969,7.4891,1.9058,-3.4836,-0.2822,-1.9094,-71.1298
23.1318,6.5505,3.2944,-8.2863,-1.0234,-1.9094,-81.0763