time,roll,pitch
0.0191,-15.2219,-20.5936
0.0287,-15.4246,-19.2247
0.0383,-17.0505,-18.1444
0.0469,-17.0448,-19.6202
0.0569,-15.8919,-21.1517
0.0668,-15.0239,-21.8658
0.0759,-15.9932,-20.9840
0.0855,-15.9993,-19.9210
0.0939,-16.9386,-17.8958
0.1038,-17.7737,-18.3854
0.1139,-17.3838,-22.4829
0.1224,-17.5567,-24.2792
0.1325,-16.6658,-22.2919
0.1419,-15.7204,-22.5096
0.1646,-16.4850,-18.7698
0.1733,-16.2133,-19.7819
0.1836,-15.5275,-20.8871
0.1933,-15.4915,-20.6295
0.2025,-15.5151,-21.4607
0.2223,-15.9742,-20.4768
0.2310,-17.4625,-19.6734
0.2405,-16.4503,-19.4303
0.2505,-15.6353,-20.2142
0.2591,-15.7676,-19.3992
0.2691,-16.7205,-18.9094
0.2781,-17.6847,-19.1846
0.2875,-17.8885,-20.7580
0.2978,-16.2363,-21.8634
0.3066,-14.8556,-22.1484
0.3163,-15.9721,-21.0913
0.3260,-17.3452,-18.7747
0.3357,-18.5203,-19.2349
0.3450,-16.5649,-20.6139
0.3534,-15.3495,-21.2316
0.3632,-14.7619,-21.9878
0.3729,-15.4362,-21.4489
0.3826,-17.1739,-22.3593
0.3932,-16.1798,-22.2313
0.4020,-14.9128,-23.3888
0.4117,-14.8303,-20.9407
0.4222,-15.4659,-18.4764
0.4319,-16.9797,-20.3412
0.4418,-18.1361,-19.7136
0.4506,-16.9236,-21.4258
0.4607,-15.9756,-21.2934
0.4708,-15.6357,-20.0916
0.4794,-15.8590,-19.3182
0.4894,-17.0768,-21.8163
0.4987,-17.2600,-21.4313
0.5084,-15.5425,-22.4507
0.5184,-16.3074,-21.7204
0.5272,-16.4563,-19.7920
0.5371,-16.5072,-18.9294
0.5463,-15.5332,-18.4246
0.5557,-15.6230,-20.4369
0.5653,-15.0505,-21.6478
0.5739,-14.6638,-21.6055
0.5834,-15.2808,-22.1871
0.5936,-16.4465,-22.6061
0.6030,-17.2795,-21.5054
0.6124,-17.5580,-21.6760
0.6217,-17.7777,-21.6096
0.6315,-17.5374,-21.0240
0.6412,-16.8964,-21.7127
0.6499,-15.7897,-21.5942
0.6601,-15.3190,-21.7197
0.6694,-15.0356,-21.4945
0.6790,-15.4353,-21.1394
0.6888,-15.4142,-20.5461
0.6975,-15.8514,-19.9986
0.7071,-15.7379,-20.9660
0.7169,-16.2594,-21.0238
0.7262,-16.2600,-20.6772
0.7359,-16.0367,-21.4360
0.7445,-16.1125,-21.6778
0.7546,-17.1981,-20.3120
0.7646,-18.0101,-18.8556
0.7741,-17.4240,-19.4484
0.7839,-16.8614,-19.5890
0.7928,-16.2496,-19.6324
0.8022,-16.1860,-20.9037
0.8123,-16.1583,-21.9693
0.8210,-15.9043,-22.3428
0.8305,-15.9382,-22.9398
0.8412,-15.5939,-23.4715
0.8510,-15.8360,-22.4081
0.8610,-16.9392,-20.9623
0.8697,-16.7957,-18.7804
0.8798,-16.1506,-20.2206
0.8899,-16.4147,-19.7300
0.8998,-16.1052,-20.4882
0.9099,-16.1330,-22.0090
0.9184,-15.9549,-22.4757
0.9279,-16.3587,-22.7082
0.9379,-16.2765,-22.1450
0.9476,-16.2910,-22.3361
0.9573,-17.4149,-20.0969
0.9663,-16.5888,-18.3423
0.9767,-16.1433,-20.0780
0.9871,-16.5413,-18.6107
0.9958,-16.3735,-20.4921
1.0060,-16.0406,-20.6920
1.0164,-15.8390,-22.0325
1.0258,-15.5820,-22.8847
1.0354,-15.6190,-24.0047
1.0457,-16.3876,-20.4671
1.0556,-16.1684,-23.1991
1.0651,-15.5990,-21.9042
1.0736,-15.6379,-20.1898
1.0830,-16.4432,-18.7039
1.0926,-16.7512,-20.6984
1.1012,-16.8267,-19.2745
1.1116,-17.1789,-20.5513
1.1224,-16.6753,-20.7685
1.1322,-16.2003,-23.1977
1.1424,-16.8356,-23.2319
1.1533,-16.0468,-22.4766
1.1630,-14.8477,-19.4302
1.1731,-16.5344,-20.4476
1.1819,-16.5890,-20.2134
1.1922,-15.4695,-16.8784
1.2016,-14.9764,-21.0898
1.2106,-15.1432,-22.3376
1.2206,-15.1258,-21.6187
1.2316,-15.8977,-22.5407
1.2411,-17.0729,-21.4014
1.2509,-17.6638,-21.7567
1.2611,-16.7871,-22.5726
1.2710,-15.7609,-22.3809
1.2804,-16.1809,-22.4665
1.2889,-17.3349,-21.2432
1.2986,-16.6693,-21.4583
1.3083,-16.9372,-19.9642
1.3179,-15.9490,-21.6811
1.3280,-14.9203,-21.3762
1.3369,-14.9595,-20.8651
1.3465,-15.4855,-20.9212
1.3567,-15.5466,-22.7097
1.3662,-16.8965,-22.8621
1.3762,-16.0527,-21.7627
1.3852,-15.1537,-22.1930
1.3947,-17.5091,-19.5556
1.4049,-16.6556,-18.9675
1.4146,-16.2959,-19.4215
1.4253,-16.3500,-21.2125
1.4346,-16.3313,-21.2009
1.4441,-16.0873,-21.2325
1.4542,-16.7982,-21.2345
1.4630,-15.9585,-23.3752
1.4729,-15.4969,-23.4428
1.4824,-15.4747,-22.5109
1.4920,-15.9170,-23.5360
1.5015,-16.8154,-22.1881
1.5115,-15.5249,-22.9484
1.5217,-14.0148,-22.6089
1.5319,-14.7556,-21.5538
1.5407,-14.6147,-21.1693
1.5508,-14.7490,-20.6534
1.5621,-15.3294,-21.9302
1.5717,-15.8152,-21.6107
1.5817,-15.0786,-24.5318
1.5924,-14.2612,-25.1409
1.6028,-14.6819,-23.6492
1.6127,-15.2751,-21.5828
1.6223,-15.6327,-19.8044
1.6336,-14.8639,-18.6197
1.6438,-15.3494,-18.8931
1.6526,-15.1243,-20.1823
1.6624,-15.6964,-22.1332
1.6722,-15.8646,-22.2554
1.6821,-17.0447,-22.0044
1.6918,-19.2578,-22.7478
1.7022,-19.7448,-25.1446
1.7117,-18.6436,-24.7426
1.7218,-18.4588,-24.7572
1.7307,-18.9548,-24.5974
1.7409,-17.8585,-23.7253
1.7508,-16.1955,-23.7936
1.7598,-14.5499,-24.5003
1.7705,-16.0528,-24.4900
1.7801,-16.0642,-24.8865
1.7890,-16.4322,-27.2264
1.7991,-18.0773,-27.4867
1.8094,-17.0437,-24.9150
1.8189,-15.8508,-25.9791
1.8290,-15.6441,-24.1771
1.8396,-13.7809,-21.4868
1.8496,-13.4306,-19.7146
1.8591,-12.3773,-18.5081
1.8676,-10.0932,-20.3486
1.8771,-11.3543,-25.4636
1.8872,-12.7609,-26.9606
1.8956,-11.3850,-27.4687
1.9052,-11.5927,-27.6580
1.9146,-10.9978,-26.7183
1.9243,-11.6021,-25.8671
1.9350,-11.3536,-24.4241
1.9453,-12.8147,-23.1288
1.9551,-12.4452,-22.6322
1.9657,-12.8070,-21.8235
1.9744,-14.9951,-22.9120
1.9841,-14.6771,-24.7504
1.9943,-15.1209,-25.4088
2.0032,-14.9860,-26.3726
2.0134,-15.5392,-26.1310
2.0231,-15.4084,-23.7230
2.0326,-15.0154,-22.4072
2.0428,-14.2557,-21.5990
2.0525,-14.1007,-20.6385
2.0619,-14.8841,-20.8520
2.0718,-14.3540,-20.8143
2.0819,-13.7838,-21.0745
2.0918,-14.4660,-22.3835
2.1020,-14.8672,-21.5661
2.1107,-15.1063,-23.4885
2.1203,-13.1777,-27.5607
2.1306,-13.3933,-29.5900
2.1407,-14.8894,-28.7138
2.1508,-13.9671,-30.6009
2.1600,-14.1364,-33.1365
2.1706,-15.5176,-36.0390
2.1806,-16.5767,-37.2556
2.1899,-15.9033,-36.8369
2.2011,-15.8021,-39.8593
2.2111,-15.8945,-37.2491
2.2213,-17.4104,-30.0796
2.2319,-17.5900,-28.3755
2.2411,-18.4671,-27.3080
2.2513,-19.9145,-25.3383
2.2614,-20.9943,-27.6151
2.2718,-20.4148,-29.3717
2.2818,-19.7677,-31.8483
2.2903,-18.8608,-31.1168
2.3006,-19.0262,-34.2351
2.3107,-20.0116,-35.6008
2.3206,-18.3187,-37.5989
2.3302,-17.6291,-37.3828
2.3392,-18.7074,-34.8713
2.3490,-17.8874,-35.0190
2.3590,-17.7678,-33.7841
2.3676,-17.7447,-34.4290
2.3779,-17.1326,-34.5509
2.3880,-17.3396,-35.5077
2.3967,-16.9887,-34.8632
2.4063,-16.8880,-37.2030
2.4164,-15.8553,-38.9418
2.4253,-16.3073,-38.8101
2.4357,-15.3217,-37.9941
2.4458,-15.2743,-39.8146
2.4547,-16.4134,-38.6684
2.4648,-16.3593,-39.5096
2.4746,-16.0290,-39.4590
2.4831,-14.7558,-39.3848
2.4930,-13.5857,-40.7915
2.5028,-12.9396,-40.1836
2.5122,-12.9830,-44.9080
2.5218,-15.1816,-46.2499
2.5319,-11.9894,-45.4379
2.5410,-10.7876,-46.7135
2.5515,-10.8948,-47.7943
2.5618,-10.6301,-47.6346
2.5707,-9.1584,-46.6504
2.5807,-9.5324,-44.7041
2.5910,-9.2933,-43.9062
2.6047,-9.2552,-42.6332
2.6150,-6.8180,-48.2246
2.6307,-7.0568,-48.5650
2.6399,-5.0279,-49.9252
2.6494,-4.6230,-51.8317
2.6590,-6.0615,-54.8849
2.6679,-6.7274,-53.6907
2.6775,-6.5201,-55.9397
2.6872,-7.3110,-54.9917
2.6971,-9.0215,-54.5627
2.7068,-8.6951,-56.5010
2.7154,-6.1681,-57.6920
2.7253,-7.0248,-57.5331
2.7347,-5.1109,-58.3722
2.7449,-4.7888,-55.6425
2.7550,-5.6100,-59.5812
2.7638,-9.7232,-59.6455
2.7737,-11.4332,-57.3413
2.7829,-9.8136,-58.0506
2.7932,-10.9509,-60.0298
2.8034,-11.0323,-59.2822
2.8130,-9.0320,-59.6762
2.8230,-8.5381,-58.9993
2.8318,-9.0572,-60.3473
2.8421,-8.6597,-60.0417
2.8526,-9.0763,-59.5899
2.8624,-7.3549,-59.9461
2.8726,-6.4236,-61.8466
2.8812,-7.0294,-60.9388
2.8908,-7.1089,-62.1670
2.9006,-5.7211,-65.8592
2.9100,-6.2025,-66.9244
2.9198,-6.2820,-68.1296
2.9284,-6.6682,-66.2140
2.9387,-5.9062,-66.2737
2.9484,-5.4805,-66.8377
2.9582,-5.1828,-65.5375
2.9684,-6.0062,-63.5926
2.9776,-6.7626,-63.8445
2.9877,-5.0409,-58.9553
2.9988,-2.9535,-58.5319
3.0088,-2.1323,-57.3009
3.0188,0.0000,-67.8185
3.0289,-8.1284,-73.2925
3.0394,-9.5348,-71.2831
3.0481,-8.2590,-71.5252
3.0658,-5.8779,-75.6315
3.0768,-5.2102,-75.1870
3.0861,-3.9524,-74.6968
3.0960,-4.9441,-73.4255
3.1058,-3.8247,-73.2097
3.1155,0.1267,-62.7546
3.1258,-3.8618,-72.7417
3.1359,-2.8392,-65.2204
3.1459,-0.9748,-75.1666
3.1563,-0.8246,-77.0905
3.1653,-1.1223,-80.0073
3.1752,-0.9927,-82.2069
3.1847,-1.3798,-81.8327
3.1934,-1.2440,-82.0865
3.2032,-0.9586,-82.6298
3.2133,-1.2703,-81.9210
3.2227,-2.8017,-80.1084
3.2330,-2.8528,-80.9569
3.2421,-1.1732,-80.5886
3.2522,-0.6940,-82.0501
3.2619,-2.5220,-87.2306
3.2707,0.8654,-83.8047
3.2808,0.1560,-84.2821
3.2903,2.3736,-78.6664
3.3000,0.0872,-81.1086
3.3101,2.4841,-78.0337
3.3190,2.5524,-77.3795
3.3294,1.1350,-79.9048
3.3384,0.4576,-80.7230
3.3485,-0.3651,-81.3220
3.3588,-0.2395,-81.5279
3.3688,0.3682,-80.3026
3.3789,-1.7308,-82.6883
3.3875,-3.0536,-82.6630
3.3972,-3.5679,-83.2845
3.4070,-3.9105,-83.2830
3.4155,-2.1168,-77.2395
3.4253,-5.3950,-79.0499
3.4342,-2.9168,-84.5085
3.4437,-0.3705,-88.0835
3.4532,-3.3433,-84.8331
3.4618,-1.1527,-88.1807
3.4712,-0.9991,-87.5925
3.4813,-1.7041,-87.1808
3.4912,-0.8688,-88.8985
3.5009,-0.7821,-86.6550
3.5097,-0.0922,-85.2326
3.5199,5.9157,-80.1770
3.5296,-0.9132,-83.1651
3.5388,3.0186,-86.6067
3.5484,4.2959,-85.6915
3.5576,2.1817,-87.7745
3.5676,0.6248,-87.2017
3.5773,0.5705,-88.2090
3.5859,0.5547,-87.8042
3.5963,0.8589,-86.7624
3.6056,0.5303,-85.5611
3.6154,1.0971,-84.6640
3.6253,1.4422,-84.5510
3.6348,1.9544,-84.7904
3.6453,2.4185,-85.6538
3.6539,2.9023,-86.1004
3.6638,2.0234,-86.4869
3.6739,2.1792,-86.3401
3.6826,-5.0105,-80.9985
3.6923,-0.7536,-84.5249
3.7018,0.8904,-83.7446
3.7115,0.8306,-84.6984
3.7209,0.5661,-85.5917
3.7296,1.1623,-85.9088
3.7389,2.2277,-84.3081
3.7493,1.1358,-84.7894
3.7588,1.2619,-83.8188
3.7692,1.4052,-82.9780
3.7778,1.5572,-84.0397
3.7877,0.8627,-83.7060
3.7978,1.2765,-84.1796
3.8068,1.5007,-84.6881
3.8162,-0.2803,-84.4673
3.8252,0.1180,-83.9404
3.8352,0.0854,-83.3827
3.8451,-0.5152,-82.7625
3.8546,0.2695,-82.5820
3.8647,0.7466,-82.1881
3.8734,1.0595,-82.4252
3.8833,1.4120,-81.4924
3.8935,1.9707,-82.1891
3.9022,2.4414,-82.9221
3.9126,2.9206,-82.4651
3.9220,2.8415,-83.4198
3.9321,-0.4545,-83.3856
3.9420,0.8066,-82.8380
3.9508,0.1592,-82.3467
3.9608,0.8674,-81.8007
3.9705,0.9734,-82.4438
3.9800,0.9121,-82.9088
3.9901,1.6397,-82.9594
3.9988,1.6264,-83.0744
4.0087,1.6107,-82.7529
4.0181,1.0710,-83.3503
4.0276,1.5977,-83.4122
4.0371,0.7991,-82.7855
4.0457,-0.4926,-82.2253
4.0557,-1.3275,-81.8987
4.0652,-2.5533,-81.8894
4.0749,-4.0649,-80.3859
4.0848,-3.4008,-80.9787
4.0947,-2.7603,-81.5082
4.1042,-2.2389,-81.8725
4.1146,0.2599,-83.9929
4.1236,0.4332,-87.0602
4.1336,1.2270,-87.0413
4.1436,0.5402,-87.5231
4.1532,-1.4147,-86.9990
4.1635,1.7353,-88.2400
4.1721,12.8757,-77.0228
4.1820,1.2038,-87.4306
4.1920,4.0342,-85.6366
4.2021,1.7112,-86.2797
4.2118,-0.0679,-86.2739
4.2205,-1.7658,-86.3875
4.2303,-1.0602,-87.3858
4.2453,0.2190,-88.9716
4.2547,1.7472,-88.1540
4.2631,2.2169,-86.8354
4.2730,0.6783,-87.5101
4.2832,2.3386,-87.0114
4.2937,0.6726,-88.7757
4.3036,0.1818,-89.6182
4.3136,0.8185,-89.1555
4.3228,-1.1297,-88.8162
4.3326,-4.7293,-84.7138
4.3425,-5.8399,-84.1145
4.3524,-2.3047,-87.3353
4.3630,1.0905,-86.8612
4.3731,1.6635,-84.2565
4.3831,2.7496,-83.6865
4.3931,2.7386,-81.1847
4.4022,3.4431,-80.3974
4.4124,4.4615,-79.3505
4.4224,3.7934,-78.8156
4.4342,-0.9131,-81.9102
4.4441,-0.0842,-82.8240
4.4528,-2.9869,-84.5076
4.4630,-3.3959,-83.8648
4.4732,-2.3521,-83.0821
4.4822,-0.4853,-81.4936
4.4925,-0.7514,-81.5596
4.5027,0.5584,-81.3440
4.5135,1.4422,-80.1805
4.5232,1.5710,-78.2750
4.5323,1.4565,-77.9330
4.5433,0.1943,-77.4231
4.5541,-0.2594,-77.4889
4.5644,-2.7654,-77.6342
4.5749,-5.4296,-76.6275
4.5839,-6.9239,-77.4172
4.5943,-8.2056,-76.0218
4.6049,-7.3756,-77.0000
4.6147,-6.3457,-75.9928
4.6245,-4.7050,-75.7255
4.6332,-5.2633,-76.0141
4.6434,-4.2409,-73.3804
4.6534,-1.7204,-72.4391
4.6623,-0.7401,-70.5006
4.6725,-1.7872,-71.3340
4.6821,-1.2175,-70.3556
4.6908,-0.7325,-71.0094
4.7006,-0.0658,-71.6440
4.7109,-1.7065,-72.8322
4.7205,-4.0114,-73.4607
4.7310,-2.0548,-71.2912
4.7413,-1.9176,-70.7301
4.7511,-5.1555,-72.4018
4.7607,-5.8916,-72.4942
4.7707,-5.3087,-72.2580
4.7812,-2.7222,-67.9096
4.7916,-4.3424,-69.1379
4.8007,-3.2631,-68.4764
4.8107,-3.8767,-65.6246
4.8210,-4.2094,-64.0006
4.8311,-6.3766,-64.7537
4.8408,-7.5083,-65.6236
4.8497,-7.4325,-64.5069
4.8597,-9.3254,-64.6065
4.8697,-9.8250,-64.3055
4.8786,-10.2789,-65.7942
4.8887,-9.6972,-65.2069
4.8989,-7.9161,-66.8253
4.9078,-6.4248,-64.8410
4.9183,-5.6728,-65.1590
4.9288,-4.7190,-64.2636
4.9389,-4.4261,-61.9431
4.9487,-2.3076,-60.7215
4.9575,-3.4184,-61.6834
4.9675,-3.5903,-62.2040
4.9779,-6.0221,-62.3488
4.9871,-7.6503,-62.8645
4.9975,-9.7218,-64.5199
5.0079,-10.0077,-64.3525
5.0179,-13.0538,-67.5636
5.0280,-8.3847,-55.0973
5.0369,1.0948,-49.3925
5.0473,-15.7751,-72.9341
5.0577,-17.9991,-70.8358
5.0664,5.9276,-54.3651
5.0762,-13.2979,-30.4645
5.0864,-4.0255,-53.5546
5.0956,-1.7004,-65.1262
5.1058,-2.9966,-54.0620
5.1160,-6.6034,-54.2076
5.1259,-12.3550,-59.4129
5.1361,-12.5707,-58.1211
5.1453,-10.7787,-53.4214
5.1605,-9.9182,-53.8027
5.1714,-11.0099,-50.6516
5.1802,-8.7035,-48.4825
5.1899,-7.4808,-49.0130
5.1997,-4.4599,-48.8123
5.2087,-6.2392,-52.8659
5.2189,-10.2381,-58.0086
5.2295,-12.9704,-58.0249
5.2398,-6.3245,-58.2861
5.2500,-13.3897,-56.4541
5.2590,-13.9584,-52.8544
5.2688,-16.7712,-53.4848
5.2780,-18.0666,-50.5420
5.2877,-11.8199,-49.5927
5.2982,-8.1416,-49.0597
5.3071,-12.5281,-46.0075
5.3170,-10.6499,-46.2610
5.3262,-8.2887,-48.5146
5.3367,-9.5815,-47.6063
5.3465,-10.0725,-49.4417
5.3562,1.8821,-47.8874
5.3661,-17.3722,-49.2493
5.3759,-20.1717,-45.3002
5.3857,-14.5513,-46.1977
5.3952,-15.2832,-46.1907
5.4048,-14.5027,-43.7127
5.4149,-12.3444,-43.9076
5.4240,-15.0047,-45.4149
5.4334,-11.7804,-46.7242
5.4434,-13.2486,-43.9402
5.4536,-14.1339,-43.3006
5.4637,-17.9429,-45.8015
5.4725,-15.7534,-44.7979
5.4824,-28.9872,-44.9874
5.4916,-16.4764,-46.7397
5.5020,-14.6232,-44.2206
5.5117,-14.0420,-42.3647
5.5212,-12.4968,-42.0590
5.5315,-11.4972,-42.5944
5.5406,-11.2663,-37.9146
5.5508,-6.6010,-34.0940
5.5608,-4.9494,-30.0532
5.5703,-11.9747,-30.4661
5.5802,-14.0849,-36.8535
5.5889,-17.6405,-37.4754
5.5990,-14.8773,-36.2086
5.6088,-13.0980,-34.9263
5.6183,-14.4171,-38.1449
5.6279,-12.8000,-41.4254
5.6366,-13.1617,-39.2518
5.6469,-9.7214,-37.4570
5.6566,-8.9368,-37.1786
5.6660,-8.1898,-31.0028
5.6761,-7.7170,-25.3388
5.6858,-10.0619,-26.1054
5.6970,-11.2787,-28.9657
5.7056,-13.5804,-30.9134
5.7153,-12.6483,-34.7298
5.7256,-14.1890,-39.2639
5.7342,-11.3541,-35.8892
5.7439,-7.4851,-33.1634
5.7532,-10.5278,-33.5946
5.7631,-11.6575,-32.8043
5.7728,-13.2316,-30.5126
5.7814,-11.7325,-28.4999
5.7916,-12.7740,-28.1957
5.8007,-13.1165,-27.8545
5.8111,-14.0392,-31.6748
5.8208,-17.1898,-36.6345
5.8301,-18.2839,-38.9300
5.8401,-17.9565,-37.0806
5.8494,-14.6807,-30.8407
5.8591,-10.7425,-26.4577
5.8688,-7.4258,-25.2489
5.8785,-4.7851,-21.6230
5.8936,-2.8703,-15.9108
5.9029,-3.6763,-14.4295
5.9123,-4.4827,-17.2203
5.9209,-8.6928,-24.1522
5.9307,-15.4215,-34.1342
5.9410,-10.3748,-26.1458
5.9507,-7.3078,-23.7313
5.9608,-9.3943,-27.9482
5.9694,-12.7892,-20.3697
5.9793,-8.8150,-14.8226
5.9895,-7.3194,-10.5489
5.9981,-6.2270,-9.1037
6.0086,-5.9797,-10.3428
6.0182,-5.8284,-13.0734
6.0278,-9.0989,-14.5612
6.0378,-17.5836,-22.2543
6.0466,-20.9782,-27.1723
6.0560,-15.8754,-19.4917
6.0658,-10.5898,-19.2576
6.0754,-10.1764,-17.2888
6.0853,-9.0823,-14.4471
6.0939,-7.9103,-13.9505
6.1033,-5.3041,-11.6358
6.1135,-6.6810,-10.4266
6.1222,-7.7231,-13.0945
6.1318,-8.1279,-13.3727
6.1418,-12.4513,-15.2608
6.1516,-13.8816,-17.8392
6.1618,-10.7097,-16.8508
6.1703,-8.9550,-13.8139
6.1805,-8.6316,-17.1609
6.1905,-10.2035,-14.6071
6.2001,-9.2969,-12.8178
6.2101,-8.6782,-12.1024
6.2196,-8.2104,-12.8613
6.2371,-6.7588,-9.5530
6.2467,-5.0255,-9.1633
6.2553,-9.3710,-13.1656
6.2651,-13.8459,-13.9489
6.2750,-11.0779,-11.2683
6.2844,-12.3947,-12.4239
6.2940,-10.9101,-11.6128
6.3050,-12.4808,-10.7550
6.3154,-11.1854,-8.9162
6.3252,-9.0844,-8.6088
6.3340,-8.3651,-6.6548
6.3441,-6.7397,-7.7382
6.3537,-7.3741,-7.3598
6.3631,-7.5685,-5.9105
6.3729,-7.4471,-4.8502
6.3819,-12.4749,-8.4192
6.3922,-16.1079,-7.8922
6.4010,-11.6086,-9.8717
6.4113,-12.7947,-7.5124
6.4214,-9.6009,-10.4238
6.4313,-8.4469,-5.1354
6.4409,-8.0284,-2.7365
6.4496,-5.4853,-2.8991
6.4596,-7.5018,-0.2293
6.4698,-6.7119,5.7807
6.4783,-7.0143,4.1807
6.4881,-7.3875,2.7448
6.4970,-9.5156,4.0303
6.5069,-12.5549,-4.3433
6.5170,-12.9603,-7.7245
6.5257,-8.4210,-6.5930
6.5359,-8.6511,-3.5862
6.5454,-6.0663,-2.4427
6.5571,-8.5705,-0.2193
6.5676,-9.3609,3.0839
6.5765,-9.0430,5.8574
6.5872,-8.0582,3.9152
6.5976,-8.6860,3.0348
6.6067,-14.7542,-3.5581
6.6168,-14.6467,-10.8567
6.6269,-12.8691,-6.8527
6.6369,-12.8523,-5.7763
6.6467,-11.7151,-2.4110
6.6574,-8.2143,3.3335
6.6675,-5.8325,6.0852
6.6779,-7.4654,9.5329
6.6865,-10.6323,10.7219
6.6962,-10.9269,7.8589
6.7060,-11.6068,6.9999
6.7149,-13.6319,2.0379
6.7246,-10.4814,0.8263
6.7340,-12.5946,0.2024
6.7436,-11.2220,0.2022
6.7539,-8.4154,2.3755
6.7646,-10.2068,8.0678
6.7744,-10.8091,9.1497
6.7844,-8.8378,11.2530
6.7994,-8.0933,12.5366
6.8091,-10.2682,10.0311
6.8191,-15.5798,4.6798
6.8290,-12.9200,6.3045
6.8395,-12.2900,4.7591
6.8495,-11.5950,4.5352
6.8596,-14.4606,5.5306
6.8698,-9.6118,7.9858
6.8789,-8.3403,12.1307
6.8884,-6.9641,13.8325
6.8988,-4.2083,15.4272
6.9085,-7.3151,16.8097
6.9187,-7.8817,13.4868
6.9288,-12.6063,7.6082
6.9374,-16.7163,5.2236
6.9475,-10.9859,9.1326
6.9576,-8.8155,12.0899
6.9674,-7.2120,11.4244
6.9773,-11.5833,17.7537
6.9867,-11.4096,19.0516
7.0026,-10.9415,21.8464
7.0125,-6.7743,22.9809
7.0212,-7.8728,24.4038
7.0312,-8.0896,22.2455
7.0408,-5.9810,19.7981
7.0502,-6.9517,19.2832
7.0603,-6.0550,17.7659
7.0690,-13.9207,15.8644
7.0793,-12.5400,14.2966
7.0889,-9.8462,16.6677
7.0983,-11.0138,19.9665
7.1080,-10.7621,24.0726
7.1166,-10.3942,21.6448
7.1259,-6.2765,23.2636
7.1355,-2.9439,23.9370
7.1454,-4.7553,23.8030
7.1557,-6.1386,21.3736
7.1645,-5.3252,20.0991
7.1741,-9.0260,19.9505
7.1835,-9.1869,18.9905
7.1928,-10.3515,17.5335
7.2025,-5.8722,20.5528
7.2114,-5.1184,23.1098
7.2211,-5.3028,24.1579
7.2312,-4.1066,29.3265
7.2400,0.4777,24.3538
7.2497,-0.2917,22.8818
7.2594,-0.2635,24.9936
7.2690,-2.2054,25.5107
7.2795,-7.5967,23.6638
7.2880,-2.3539,24.8610
7.2977,-3.2080,25.1189
7.3067,-2.4325,23.5432
7.3170,-0.1175,23.7731
7.3265,-0.7948,26.0355
7.3356,0.7796,27.3913
7.3456,-0.8259,30.1800
7.3543,1.1438,30.4175
7.3640,0.1114,32.8942
7.3740,-2.1355,34.9567
7.3826,-7.4990,31.5208
7.3927,-9.1399,24.2411
7.4023,-3.7545,23.5132
7.4117,-3.2013,23.8334
7.4211,-4.4362,25.0033
7.4296,-6.5620,24.0970
7.4395,-1.7698,27.9210
7.4490,-1.8178,31.7815
7.4583,-1.5366,34.2040
7.4684,-0.6140,36.0078
7.4772,1.6676,35.4735
7.4872,-6.3180,32.4154
7.4967,-8.4812,30.2834
7.5060,-7.3388,31.7469
7.5160,-8.4808,32.3540
7.5246,-9.5549,31.6720
7.5346,-5.6543,33.4220
7.5444,-3.2165,36.5935
7.5538,-2.7526,38.2962
7.5634,-2.4640,40.6299
7.5729,1.5610,39.7160
7.5824,-2.5173,38.9002
7.5926,-4.3990,36.2209
7.6013,-5.1922,32.7112
7.6109,-6.9948,34.5439
7.6208,-6.1338,34.0532
7.6302,-7.2725,35.3837
7.6403,-6.7323,36.7851
7.6491,-5.1985,38.8737
7.6585,-1.6530,41.6189
7.6685,-0.2234,43.8566
7.6771,0.7981,45.9935
7.6863,0.9792,46.7843
7.6957,1.4829,47.8467
7.7051,-2.6153,46.2440
7.7150,-5.3887,43.0726
7.7235,-1.7649,39.5673
7.7333,-5.5077,40.1340
7.7431,-1.7901,39.2540
7.7523,-1.6020,41.7466
7.7627,-0.7939,45.7977
7.7715,-0.3028,47.6671
7.7814,-1.2073,47.6576
7.7914,-0.3023,49.7078
7.8010,-0.7248,50.3115
7.8106,0.5166,49.0672
7.8191,2.9242,47.4499
7.8291,-3.9417,41.1528
7.8392,0.0146,39.8689
7.8486,2.1248,39.1602
7.8582,4.7786,42.6013
7.8669,2.1297,47.1842
7.8766,-0.2899,47.1211
7.8873,-2.3081,46.1138
7.8958,-4.8792,47.0183
7.9050,-5.6603,43.5270
7.9148,-4.7150,39.0767
7.9246,-4.8801,40.5622
7.9341,-6.1551,42.7641
7.9426,-2.6471,42.7724
7.9524,0.2684,47.3150
7.9623,9.4595,50.2312
7.9723,4.3723,54.5969
7.9824,5.8905,52.1791
7.9910,0.8278,46.3110
8.0007,-0.7418,37.9746
8.0103,-0.2120,36.9635
8.0189,0.0152,38.3109
8.0292,-1.6560,39.8906
8.0385,-2.0122,45.0158
8.0478,0.8318,46.8482
8.0576,2.7367,53.9594
8.0663,3.2095,56.1250
8.0764,9.0107,60.5120
8.0859,12.4106,56.3108
8.0952,-1.6689,45.6654
8.1052,-18.4668,32.1927
8.1136,-15.5234,35.4069
8.1232,-16.9153,27.3028
8.1327,-9.7423,36.9380
8.1420,-13.6835,39.3515
8.1518,-11.0833,43.6696
8.1605,-7.5892,43.5145
8.1706,2.7319,41.5545
8.1806,10.3771,42.1479
8.1895,5.6136,33.4112
8.1998,0.5811,36.1599
8.2090,-3.8021,42.1209
8.2187,-7.5382,40.1850
8.2288,-7.3447,37.6098
8.2377,-7.7600,45.2240
8.2477,2.0321,48.2504
8.2567,3.9499,49.5277
8.2668,5.4144,52.1075
8.2772,4.8906,46.7353
8.2859,6.2047,46.6575
8.2956,5.2469,44.3552
8.3049,4.0550,43.8378
8.3147,7.4872,43.9267
8.3243,1.5814,47.9885
8.3326,-0.7707,52.0864
8.3424,-3.3267,52.1593
8.3514,-1.8156,55.2568
8.3610,-4.8500,56.1586
8.3708,-2.5107,54.4631
8.3795,-2.2679,53.4085
8.3897,1.7443,52.1568
8.3993,3.4216,50.4983
8.4092,-1.6434,49.3810
8.4192,-1.1337,54.1258
8.4279,-6.0249,52.6556
8.4381,2.2849,55.6092
8.4473,-0.4198,56.8215
8.4568,-5.4333,57.4472
8.4669,-8.2245,57.3234
8.4758,-9.8681,54.5593
8.4852,-7.6999,53.0615
8.4947,1.4483,52.6369
8.5042,-2.9797,54.1903
8.5144,-5.4741,53.2319
8.5231,-12.6594,51.3682
8.5323,-12.3526,54.0969
8.5421,-9.4792,58.5277
8.5514,-11.6175,59.1148
8.5617,-7.8783,61.5558
8.5702,-7.7969,60.1577
8.5803,-5.7685,60.1967
8.5906,-5.9985,57.6544
8.5995,-3.6723,57.2242
8.6088,-1.2971,58.2431
8.6187,0.1090,59.0478
8.6285,-7.3121,59.3618
8.6388,-13.8239,60.4295
8.6474,-17.6770,57.0357
8.6572,-9.0406,60.2511
8.6667,-7.3202,59.9782
8.6762,-7.6112,58.0691
8.6858,-2.5487,55.5199
8.6949,-4.9977,62.8572
8.7050,5.2061,59.4858
8.7152,2.7924,56.6978
8.7239,-6.5348,61.3426
8.7334,-6.6272,62.9275
8.7425,-5.4217,63.7637
8.7519,-6.2811,64.1854
8.7618,-10.5924,60.9052
8.7705,-13.9721,58.4351
8.7807,-8.8621,59.7186
8.7900,-0.2435,60.5945
8.8001,-2.1910,58.8244
8.8099,2.0036,58.1936
8.8184,-1.5667,60.4862
8.8278,-6.9737,65.5384
8.8374,-0.6903,63.6499
8.8466,-0.7157,66.8614
8.8561,-0.6988,66.4987
8.8654,-7.2963,61.7717
8.8753,-6.4194,59.7525
8.8851,-5.1826,55.9602
8.8937,-7.0578,56.0823
8.9038,-3.3888,58.9792
8.9142,-4.3392,66.0414
8.9235,-2.0712,67.5349
8.9332,-10.2306,69.5039
8.9419,-1.6408,68.9410
8.9514,-3.5824,65.4422
8.9608,-6.4170,64.8475
8.9702,-9.4001,61.0553
8.9798,-5.1627,64.2694
8.9885,-2.6742,65.1921
8.9986,-1.4603,66.7286
9.0081,-5.8745,65.7903
9.0176,-4.6131,64.5705
9.0277,-1.7011,66.6139
9.0365,-0.2812,67.8214
9.0462,-1.3736,70.5078
9.0564,-3.2518,70.5744
9.0659,-5.7156,64.8499
9.0755,-1.4493,65.0039
9.0845,-2.8873,67.2836
9.0940,-4.5356,68.9988
9.1039,-9.4624,65.9974
9.1129,-11.2043,62.0537
9.1229,-6.7322,64.1709
9.1321,-4.4658,67.4198
9.1422,-7.5610,70.8262
9.1525,-4.0425,70.7697
9.1610,-7.4826,69.0659
9.1713,-8.5569,68.6213
9.1803,-2.5024,71.4927
9.1908,-4.0098,71.9009
9.2012,-6.3617,73.4983
9.2125,-1.7435,70.0996
9.2226,-5.9319,67.4601
9.2317,-7.4962,67.4707
9.2419,-2.7953,68.5103
9.2527,-0.3175,69.9196
9.2631,-2.4314,71.7202
9.2735,-6.3915,73.2569
9.2823,4.4451,69.8479
9.2925,-4.0716,70.3532
9.3023,-4.7175,71.7226
9.3122,-3.9629,70.8518
9.3227,-7.0000,70.2438
9.3330,-8.3864,67.5361
9.3440,-7.4329,68.4893
9.3530,-6.3141,70.4808
9.3630,-4.2480,73.2707
9.3732,-3.8047,73.6360
9.3833,-1.8435,73.0486
9.3930,-1.9156,71.8174
9.4019,-0.8614,72.3488
9.4121,-4.5530,70.9245
9.4218,-7.8809,69.8577
9.4318,-10.9690,67.0779
9.4420,-6.4592,68.7658
9.4531,-7.0518,71.2480
9.4635,-5.3086,72.2651
9.4726,-4.6701,73.3232
9.4832,-5.1385,73.5611
9.4937,-4.5834,75.3627
9.5037,-5.9442,72.8273
9.5135,-2.3261,72.7053
9.5229,-9.0509,71.7781
9.5331,-10.4967,70.7764
9.5432,-9.9633,70.5472
9.5532,-5.9023,72.6029
9.5631,-5.2922,73.9527
9.5721,-1.8197,77.6340
9.5823,-2.6779,73.9617
9.5919,-0.2833,77.2918
9.6022,-4.7036,74.7779
9.6124,-5.8944,74.6733
9.6222,-7.4839,73.0150
9.6323,-7.7097,74.5013
9.6422,-8.8490,72.1156
9.6533,-8.8974,69.9478
9.6629,-9.1618,71.6150
9.6725,-5.8328,75.2366
9.6828,-5.5578,75.8067
9.6932,-6.5626,76.4844
9.7031,-7.5609,74.4760
9.7130,-4.7817,75.9339
9.7219,-8.9644,73.2455
9.7321,-8.9826,71.0339
9.7442,-8.3996,70.3464
9.7540,-9.0778,72.3130
9.7648,-8.4460,73.4995
9.7738,-6.6171,72.6060
9.7844,-1.2685,74.4668
9.7950,-3.8616,75.6791
9.8053,-4.0247,74.0019
9.8155,-9.7486,72.8664
9.8242,-10.3399,70.1425
9.8340,-11.2371,68.7741
9.8442,-10.6507,72.9006
9.8537,-11.2121,72.7392
9.8636,-9.7033,72.7029
9.8744,-7.7534,71.2951
9.8842,-7.3417,72.1481
9.8950,-5.6948,73.4983
9.9041,-5.1356,70.8610
9.9144,-7.6737,68.7855
9.9247,-7.9487,67.4074
9.9368,-9.3976,66.8723
9.9470,-8.3318,67.3816
9.9561,-6.2219,69.2787
9.9655,-5.6626,69.3516
9.9757,-6.0821,70.1292
9.9844,-5.3071,68.8487
9.9945,-4.7415,69.5116
10.0050,-6.3892,68.1594
10.0148,-9.5424,64.5234
10.0257,-12.8379,60.3237
10.0348,-8.4516,61.3430
10.0446,-8.3443,61.9879
10.0546,-9.4759,64.5967
10.0635,-7.4321,65.7460
10.0746,-6.3277,66.6628
10.0840,-7.8059,63.7716
10.0940,-5.0874,61.8430
10.1040,-7.0930,61.3920
10.1128,-7.9499,60.0664
10.1227,-9.4189,60.0844
10.1327,-10.0794,59.4339
10.1415,-9.0317,59.6861
10.1608,-7.9110,60.4371
10.1712,-5.5555,60.4362
10.1807,-7.0752,60.1157
10.1910,-6.9405,58.3717
10.1995,-8.8692,57.5772
10.2092,-5.8335,57.3443
10.2195,-3.8575,56.7478
10.2290,-3.2966,56.7892
10.2388,-4.0144,56.1970
10.2483,-4.2111,57.3733
10.2578,-8.9732,54.6989
10.2681,-8.0196,53.5498
10.2769,-7.9302,54.8885
10.2869,-5.6738,54.1883
10.2959,-6.7232,53.5767
10.3064,-6.7604,53.9752
10.3162,-4.0482,53.1143
10.3257,-5.1682,52.2555
10.3358,-5.9289,52.3343
10.3448,-10.3004,50.3892
10.3549,-8.9777,50.8835
10.3645,-8.6583,51.0137
10.3741,-10.4287,50.7494
10.3838,-8.8189,50.9004
10.3923,-6.6146,51.3075
10.4017,-4.1738,51.9033
10.4115,-2.2871,51.6248
10.4209,-0.5650,51.5503
10.4311,-2.0259,48.2373
10.4400,-5.1137,45.3166
10.4502,-10.9494,42.3003
10.4602,-9.3055,43.8156
10.4693,-6.8920,44.1792
10.4789,-6.7455,43.8767
10.4881,-7.9044,44.5420
10.4978,-6.9669,44.0781
10.5078,-6.5944,45.5707
10.5164,-3.4139,44.7889
10.5260,-1.5650,44.9101
10.5351,0.7599,44.6230
10.5453,-4.0076,41.6556
10.5560,-6.9901,39.1670
10.5653,-8.8384,39.8464
10.5750,-8.3673,39.4536
10.5838,-6.1483,39.3492
10.5943,-5.4804,40.0201
10.6036,-5.3083,40.2277
10.6131,-4.4003,40.2614
10.6226,-1.5633,40.3026
10.6314,-0.0417,41.2944
10.6418,-1.9403,39.4328
10.6516,-6.5606,36.0353
10.6611,-9.5421,34.3422
10.6713,-9.1458,34.8252
10.6800,-8.9567,36.1919
10.6901,-5.9713,34.3382
10.7000,-8.4440,39.2826
10.7098,-6.2607,41.4701
10.7193,-2.7988,41.7683
10.7282,-2.5726,41.6683
10.7396,1.4914,40.5547
10.7501,0.0730,37.5090
10.7591,-3.6901,35.4481
10.7689,-3.0342,32.6009
10.7807,-3.3331,31.3537
10.7908,-2.8703,29.4799
10.8013,-1.7222,29.1104
10.8100,-14.3893,33.1161
10.8198,-0.6482,29.1398
10.8295,-21.0456,38.2250
10.8468,-2.2848,29.7948
10.8568,-4.9808,25.8114
10.8675,-6.5507,27.7345
10.8779,5.6455,20.5840
10.8884,-7.9674,32.5082
10.8973,-1.3555,30.7636
10.9084,3.0857,28.9583
10.9189,1.5836,30.8680
10.9290,1.2152,31.7185
10.9396,2.5427,29.5031
10.9486,1.8337,27.9631
10.9588,-0.1906,24.3833
10.9697,-6.7080,21.5509
10.9798,-7.6551,19.5401
10.9902,-10.1851,21.2016
10.9990,-7.2788,20.1895
11.0098,-4.2760,19.0593
11.0200,-3.2179,19.8026
11.0305,-1.9128,21.2858
11.0411,-0.9643,24.0979
11.0503,-0.6723,24.4456
11.0616,1.2149,23.9773
11.0719,0.0756,20.9984
11.0823,-6.0341,16.2062
11.0923,-8.5061,14.6193
11.1012,-9.1543,14.7649
11.1121,-3.9941,14.6006
11.1230,0.8750,15.2911
11.1331,0.4793,19.3740
11.1436,-2.1421,20.7831
11.1529,-3.5134,22.0021
11.1633,0.8005,20.3019
11.1754,3.2045,22.3100
11.1848,-0.1326,19.0313
11.1944,-4.6468,14.0964
11.2030,-8.1423,10.7215
11.2132,-7.7481,7.7921
11.2228,-8.5962,8.8899
11.2315,-5.4943,10.0036
11.2421,-1.6686,8.2405
11.2526,-2.0919,10.2684
11.2633,0.1690,11.5447
11.2734,2.4397,12.6150
11.2822,2.2546,16.1826
11.2927,2.8617,17.6876
11.3023,4.0966,16.4677
11.3111,2.7691,12.1001
11.3208,-8.0123,5.2865
11.3308,-15.8387,5.4767
11.3394,-12.7678,3.6327
11.3494,-8.1163,4.3535
11.3595,-4.3647,4.2795
11.3684,-3.7564,5.1702
11.3779,-5.1782,7.0656
11.3878,-6.2558,9.9386
11.3964,-5.2863,11.5950
11.4063,-2.8900,13.4279
11.4165,-2.2822,14.3252
11.4266,-3.2169,11.4028
11.4363,-6.4227,8.8084
11.4452,-9.6930,5.2760
11.4557,-7.8880,3.3555
11.4656,-6.5797,3.5859
11.4743,-5.1804,3.5785
11.4846,-3.9913,6.7929
11.4942,-6.2187,4.6135
11.5032,-6.4472,6.5071
11.5132,-5.9253,9.8535
11.5226,-6.3252,7.1707
11.5313,-9.6542,4.0214
11.5412,-9.1922,1.4307
11.5512,-6.6633,1.5254
11.5618,-3.8235,-1.9620
11.5722,-2.4461,-0.8775
11.5820,-2.2089,-2.0378
11.5927,-3.0038,0.8363
11.6015,-3.3807,2.6984
11.6117,-0.7870,2.5162
11.6213,-1.6832,3.2821
11.6310,-0.4365,3.1836
11.6415,-2.0927,0.6220
11.6508,-4.4954,-2.5978
11.6614,-5.0249,-0.6674
11.6715,-2.0952,-5.2088
11.6804,-0.5287,-7.1194
11.6912,-1.4912,-5.7685
11.7027,-0.2294,-3.1326
11.7127,-1.9926,-0.8699
11.7234,1.0509,1.3413
11.7322,-3.8783,-0.6218
11.7423,-3.7505,-0.1764
11.7532,-3.9849,0.0866
11.7632,-0.7753,-1.9386
11.7734,-4.4815,-5.4283
11.7825,-4.8534,-5.2590
11.7928,-5.9306,-1.8760
11.8031,-2.9458,-2.9029
11.8129,-1.1284,-4.7331
11.8230,-4.6795,-3.0935
11.8334,-3.7688,-2.4064
11.8447,-1.1577,-2.3301
11.8549,0.2291,-1.2030
11.8654,-1.3943,-0.5664
11.8755,-3.8954,-3.1275
11.8844,-5.7795,-5.1275
11.8947,-5.9767,-4.5428
11.9044,-3.3508,-6.1603
11.9132,-0.5901,-7.3068
11.9237,-3.5143,-5.0111
11.9337,-0.8424,-8.2755
11.9426,-2.7471,-5.5005
11.9526,-2.8339,-4.4874
11.9638,-0.1980,-3.5666
11.9725,-0.9456,-2.1002
11.9825,0.0000,-4.0957
11.9925,-0.7646,-5.6498
12.0028,-2.8258,-5.7964
12.0133,-2.6932,-9.8874
12.0226,-3.4823,-7.8689
12.0326,-4.2555,-5.6407
12.0435,-3.6062,-5.3318
12.0522,-3.4125,-5.3192
12.0630,-3.2221,-3.9360
12.0733,-3.3864,-4.2016
12.0823,-2.7949,-4.4718
12.0919,-2.0929,-5.6317
12.1020,-2.4103,-6.4484
12.1109,-3.3164,-8.3015
12.1214,-4.3521,-9.7207
12.1311,-4.9567,-13.1886
12.1400,-15.0853,-16.8481
12.1508,-7.9989,-24.5506
12.1610,-9.8616,-16.7091
12.1717,-4.1611,14.8900
12.1819,2.6790,11.4393
12.1924,13.1244,-11.4646
12.2021,14.2585,-25.1734
12.2117,3.4577,-17.9100
12.2218,0.3775,-12.5578
12.2315,4.3467,-8.7187
12.2427,-9.2336,-8.0378
12.2524,-10.7493,-10.1424
12.2694,-4.4471,-12.8339
12.2813,-1.8182,-9.6667
12.2915,-2.9832,-12.2137
12.3003,-2.3225,-14.7326
12.3110,1.7017,-14.7278
12.3207,1.0932,-13.2919
12.3305,0.7644,-11.7287
12.3409,4.9925,-13.0288
12.3518,6.3595,-14.7417
12.3614,-7.0500,-17.6045
12.3713,-6.8052,-14.5342
12.3809,-4.3214,-14.8563
12.3917,0.7504,-16.9919
12.4014,-2.4092,-20.0206
12.4107,-5.4971,-18.3253
12.4206,-5.0348,-16.3785
12.4312,1.0445,-14.7561
12.4407,7.1446,-13.3398
12.4509,8.0266,-12.2470
12.4594,2.1810,-14.3216
12.4683,5.9145,-16.3736
12.4788,2.0295,-15.0774
12.4889,-8.2481,-19.6902
12.4982,-10.6060,-20.9317
12.5083,-8.1938,-19.3292
12.5247,-1.6441,-18.2252
12.5334,0.5448,-17.2842
12.5437,-3.6673,-15.4595
12.5539,-2.2752,-15.5100
12.5626,-0.7722,-15.1694
12.5719,0.3049,-15.0116
12.5818,0.6056,-11.3941
12.5915,-1.5131,-11.7938
12.6017,-2.0153,-14.5089
12.6103,-2.8370,-21.6754
12.6200,-6.5447,-22.1537
12.6296,-4.1296,-20.8163
12.6391,-1.7296,-18.5056
12.6491,-2.1842,-16.6378
12.6576,-3.6743,-16.5449
12.6678,-3.3386,-16.2122
12.6777,-1.9025,-15.8672
12.6866,1.8017,-14.1206
12.6968,0.0276,-14.3876
12.7063,-0.2006,-13.7581
12.7158,-5.3641,-16.4219
12.7256,-3.3953,-17.9837
12.7343,-2.6647,-16.6123
12.7448,-3.1452,-16.5567
12.7540,-3.9753,-16.9778
12.7641,-5.0662,-16.2288
12.7744,-2.4459,-14.5534
12.7852,0.9831,-11.8671
12.7951,1.7896,-11.8236
12.8038,-0.2010,-11.0649
12.8138,-0.2297,-12.4586
12.8241,-1.9961,-11.5825
12.8334,-0.3958,-13.2075
12.8435,-1.7111,-13.9985
12.8524,-4.0476,-14.3780
12.8622,-6.2028,-13.8745
12.8719,-6.7452,-15.0428
12.8806,-12.3441,-18.4650
12.8904,-18.5725,-17.4298
12.9008,-18.1914,-18.4809
12.9112,-13.3341,-21.8422
12.9211,-3.7748,-17.2582
12.9299,-5.6793,-22.2111
12.9403,-11.6326,-23.8788
12.9492,-10.1282,-25.2516
12.9597,-12.5474,-15.5955
12.9698,-11.4320,-15.4760
12.9789,-11.0277,-15.6106
12.9886,-13.5422,-13.6772
12.9982,-12.7880,-14.4552
13.0078,-11.4357,-13.2514
13.0182,-6.0066,-11.6957
13.0285,-14.4124,-15.8666
13.0385,-22.1415,-13.6707
13.0484,-26.0627,-17.7232
13.0570,-26.9338,-16.3004
13.0673,-26.1017,-19.4385
13.0773,-23.0548,-20.1203
13.0862,-23.9640,-18.4122
13.0964,-21.8657,-19.0113
13.1071,-17.6191,-16.1881
13.1168,-18.8393,-14.1573
13.1268,-21.1865,-12.7560
13.1355,-22.4109,-12.3128
13.1452,-25.3454,-14.5418
13.1551,-29.2552,-22.0222
13.1638,-30.2196,-23.4374
13.1739,-30.8953,-26.5302
13.1842,-31.1956,-27.6648
13.1935,-34.3662,-21.0997
13.2036,-32.7557,-18.9731
13.2141,-34.9639,-19.2281
13.2235,-34.0778,-17.8108
13.2329,-33.1861,-16.5635
13.2414,-30.3907,-17.3385
13.2510,-27.1235,-17.5086
13.2615,-22.3251,-18.5968
13.2710,-21.5641,-21.4031
13.2815,-34.0878,-20.1360
13.2903,-35.9970,-21.8902
13.3002,-47.5850,-16.6660
13.3100,-47.5014,-16.7367
13.3200,-39.6135,-23.2238
13.3294,-38.4561,-28.9385
13.3397,-36.3213,-22.2100
13.3483,-31.2354,-16.4556
13.3588,-29.0597,-15.8006
13.3688,-33.7875,-20.7066
13.3785,-34.4365,-14.1777
13.3885,-31.1643,-18.6934
13.3970,-29.4263,-18.7112
13.4070,-34.8329,-17.8428
13.4170,-41.5854,-17.4325
13.4264,-47.9354,-16.9229
13.4364,-48.1433,-22.5423
13.4452,-49.9617,-21.8061
13.4561,-52.3957,-18.8163
13.4661,-52.5203,-20.1642
13.4757,-45.0874,-24.5877
13.4858,-42.1304,-25.4107
13.4956,-44.2228,-25.1367
13.5049,-46.6228,-23.5872
13.5150,-55.6061,-17.8527
13.5257,-58.7220,-16.3751
13.5356,-60.1090,-18.6396
13.5453,-57.3071,-17.0831
13.5540,-56.2801,-21.8478
13.5644,-56.1528,-23.4921
13.5743,-56.3195,-24.1312
13.5829,-57.0595,-23.3162
13.5927,-59.1861,-20.3060
13.6026,-65.2250,-16.6144
13.6127,-61.1099,-21.6512
13.6231,-64.2921,-13.4065
13.6337,-62.2176,-18.4790
13.6441,-63.0464,-18.2141
13.6542,-64.1329,-18.5184
13.6633,-63.1497,-20.1641
13.6737,-65.3479,-16.7215
13.6838,-66.0528,-18.2676
13.6935,-68.6607,-15.3876
13.7035,-68.1606,-16.6585
13.7142,-68.7986,-16.9484
13.7244,-64.5022,-21.7078
13.7340,-67.7019,-17.9250
13.7427,-67.6800,-18.7612
13.7527,-72.0793,-14.8039
13.7633,-75.0218,-12.5625
13.7720,-76.4891,-8.1958
13.7823,-79.9486,-3.6677
13.7930,-76.0390,-8.6801
13.8027,-74.3428,-12.6918
13.8132,-73.7059,-13.7676
13.8217,-71.9638,-16.6091
13.8316,-65.3206,-23.9774
13.8421,-65.7848,-24.2150
13.8510,-72.2175,-17.7825
13.8607,-76.0466,-13.8948
13.8707,-75.9541,-13.7945
13.8803,-79.0803,-10.7464
13.8908,-79.2253,-10.5368
13.9010,-80.3712,-9.3504
13.9108,-82.5851,-6.5614
13.9210,-80.1562,-9.3019
13.9298,-78.6116,-11.1772
13.9401,-78.3853,-11.5671
13.9502,-77.4633,-12.3278
13.9592,-79.7208,-9.3282
13.9690,-82.0544,-4.4196
13.9785,-83.2954,-3.8595
13.9882,-81.9184,-5.1854
13.9980,-81.5214,-5.3089
14.0091,-81.7435,-6.0481
14.0191,-79.1983,-8.3274
14.0295,-79.7236,-9.3442
14.0444,-77.6937,-10.8931
14.0545,-78.2281,-9.6476
14.0644,-78.7222,-10.1750
14.0739,-78.3144,-11.0575
14.0833,-78.1958,-8.8746
14.0922,-78.6874,-7.9524
14.1025,-78.7149,-5.7284
14.1124,-80.7958,-4.8666
14.1220,-80.7747,-7.2701
14.1319,-76.2212,-12.5741
14.1407,-72.4838,-17.0453
14.1505,-72.1543,-17.5518
14.1605,-76.0168,-12.3147
14.1697,-77.4525,-9.3697
14.1793,-79.6482,-6.4129
14.1880,-80.2862,-6.7721
14.1984,-80.3847,-6.6873
14.2081,-82.5888,-3.7975
14.2176,-78.9276,-5.8787
14.2278,-79.2831,-5.5717
14.2379,-79.5000,-5.9716
14.2483,-78.8724,-7.7279
14.2579,-78.2307,-8.9374
14.2679,-77.3996,-9.7607
14.2781,-77.4557,-9.2267
14.2867,-78.3205,-8.0582
14.2966,-79.2682,-7.7469
14.3071,-79.6339,-5.8386
14.3167,-80.0461,-5.0642
14.3260,-81.1941,-3.6508
14.3350,-80.5240,-1.8985
14.3449,-81.1717,-2.8320
14.3552,-78.6575,-7.4289
14.3638,-78.2368,-8.0107
14.3736,-78.0118,-8.4112
14.3828,-76.3731,-12.9450
14.3940,-74.5465,-15.2318
14.4039,-72.5878,-17.1806
14.4125,-73.1706,-16.6406
14.4226,-73.6821,-16.2030
14.4324,-76.7133,-13.1918
14.4423,-81.0306,-8.8262
14.4524,-80.2055,-8.8375
14.4618,-80.9679,-8.8929
14.4721,-80.3447,-9.3117
14.4808,-81.4930,-8.0761
14.4910,-83.0550,-6.7627
14.5008,-82.6927,-7.3050
14.5096,-77.6186,-12.3514
14.5198,-74.2647,-15.6047
14.5288,-76.1650,-12.8082
14.5383,-76.3801,-11.7654
14.5485,-77.3657,-10.0035
14.5573,-78.3449,-10.0973
14.5670,-78.5750,-9.8566
14.5766,-83.0262,-5.0064
14.5866,-78.9190,-10.6847
14.5970,-79.0542,-7.9815
14.6063,-78.8591,-9.7452
14.6161,-76.5077,-11.0621
14.6247,-73.8003,-13.0493
14.6346,-68.4715,-17.8841
14.6444,-66.4560,-19.0271
14.6530,-66.3345,-19.0751
14.6624,-66.5384,-18.2437
14.6720,-68.9610,-15.7786
14.6815,-72.8313,-10.7809
14.6914,-73.7726,-10.4328
14.6999,-74.9042,-9.5531
14.7096,-73.3493,-10.8048
14.7222,-66.7775,-12.9197
14.7307,-65.5177,-12.6336
14.7407,-64.0790,-18.2366
14.7501,-67.3701,-13.7229
14.7598,-64.8670,-14.0500
14.7697,-61.6402,-14.3520
14.7782,-65.0337,-11.0958
14.7880,-61.9076,-13.9304
14.7972,-60.2417,-11.9018
14.8072,-59.8314,-14.0045
14.8167,-59.8795,-10.9525
14.8252,-64.7361,-11.3184
14.8446,-58.1896,-14.2653
14.8547,-54.6338,-15.6868
14.8636,-51.7733,-13.8530
14.8737,-49.8819,-14.9802
14.8833,-52.7231,-19.4487
14.8929,-48.7835,-21.4310
14.9030,-50.8103,-19.3593
14.9119,-49.3763,-18.9142
14.9216,-52.8983,-17.5333
14.9320,-55.2300,-17.4679
14.9421,-47.7849,-12.4072
14.9524,-48.2766,-11.4925
14.9610,-44.5629,-18.8813
14.9709,-41.4366,-16.3244
14.9802,-40.4763,-20.8074
14.9908,-38.6709,-22.2518
15.0003,-40.4218,-19.5480
15.0099,-46.2381,-20.7802
15.0201,-46.3947,-20.8807
15.0289,-47.0719,-18.4179
15.0386,-48.4345,-19.2126
15.0487,-44.6070,-22.7576
15.0577,-38.7264,-20.7597
15.0684,-39.0476,-23.2415
15.0776,-36.5218,-25.2189
15.0879,-35.4977,-25.1435
15.0978,-31.2741,-24.3363
15.1077,-31.1015,-24.4120
15.1176,-34.5523,-21.9014
15.1264,-35.1305,-20.9456
15.1369,-38.9062,-20.5954
15.1471,-36.3053,-17.5219
15.1571,-37.0154,-20.3426
15.1672,-38.4695,-22.5493
15.1769,-31.2659,-18.9749
15.1857,-28.4220,-18.2542
15.1961,-29.7113,-19.6242
15.2062,-27.3470,-21.4054
15.2156,-27.9960,-17.2310
15.2260,-38.9519,-16.9233
15.2354,-29.8995,-18.8161
15.2454,-31.3526,-14.6938
15.2564,-24.9081,-18.5511
15.2654,-22.4829,-21.6006
15.2756,-20.0881,-21.5737
15.2856,-20.4515,-19.6634
15.2943,-21.9918,-19.7122
15.3046,-21.3614,-15.2572
15.3140,-35.2267,-18.8939
15.3238,-31.1025,-15.8144
15.3338,-31.8783,-15.4044
15.3427,-30.8310,-19.0252
15.3529,-25.0759,-17.0795
15.3618,-23.1144,-20.7472
15.3717,-20.6144,-27.7754
15.3822,-16.0236,-27.4496
15.3910,-14.5037,-25.9647
15.4007,-15.2481,-25.0556
15.4104,-13.2330,-21.6533
15.4192,-19.3710,-21.7764
15.4289,-24.8967,-20.2933
15.4385,-29.1004,-18.7481
15.4485,-22.3045,-16.7671
15.4588,-20.5187,-17.9182
15.4709,-22.4049,-23.8414
15.4796,-17.3321,-22.8921
15.4926,-7.9953,-27.3836
15.5025,-7.8600,-28.3674
15.5175,-15.4543,-23.2567
15.5275,-23.8113,-22.6098
15.5366,-17.7602,-19.5655
15.5464,-16.5569,-13.3108
15.5573,-20.8153,-13.8241
15.5659,-17.4782,-15.8739
15.5759,-14.4923,-17.0999
15.5860,-12.3464,-21.2723
15.5946,-10.4284,-24.0680
15.6045,-11.1665,-23.4532
15.6145,-11.1816,-21.9090
15.6239,-20.1311,-24.9319
15.6334,-14.9547,-17.4483
15.6438,-6.9225,-18.1085
15.6543,-6.3203,-18.0781
15.6646,-6.2458,-20.4811
15.6734,-9.3420,-20.5711
15.6833,-12.8408,-19.0103
15.6936,-14.0074,-19.9370
15.7024,-14.8991,-22.5931
15.7123,-10.3534,-22.6508
15.7225,-10.1718,-19.7956
15.7319,-7.5532,-21.0697
15.7417,-6.1245,-19.2284
15.7518,-2.8302,-16.9384
15.7624,-1.3067,-13.0110
15.7730,-2.6862,-13.6329
15.7832,-9.7698,-6.0045
15.7932,-16.2569,-12.5518
15.8031,-8.9695,-9.8201
15.8119,-7.1947,-11.9445
15.8222,-1.6063,-12.0087
15.8321,1.9860,-13.2505
15.8407,4.1709,-11.6855
15.8513,2.1319,-14.7214
15.8613,1.0291,-13.5776
15.8706,-4.2450,-14.0719
15.8807,-7.5861,-12.2926
15.8911,-4.6249,-9.6158
15.9000,0.4035,-10.5647
15.9100,2.4384,-12.6245
15.9203,3.7578,-10.7089
15.9293,-2.1710,-9.8002
15.9387,5.4247,-14.1270
15.9486,8.1976,-13.9830
15.9583,9.7180,-11.9109
15.9687,13.5277,-13.6691
15.9785,16.7670,-12.1859
15.9887,15.5674,-11.3384
15.9984,16.2271,-16.8170
16.0070,16.3385,-9.9668
16.0167,14.5745,-12.0049
16.0263,12.1304,-9.9305
16.0350,12.0101,-8.0383
16.0448,14.2588,-8.6415
16.0549,14.3123,-13.0460
16.0637,14.8713,-18.2298
16.0740,14.6951,-14.3336
16.0841,14.8728,-18.8157
16.0937,17.6476,-16.5280
16.1037,15.3359,-15.0186
16.1144,13.8538,-16.6522
16.1242,14.9569,-13.0297
16.1340,17.9633,-14.0225
16.1437,15.8232,-12.6707
16.1544,14.7979,-18.4546
16.1642,15.8717,-14.1489
16.1732,19.6932,-13.6760
16.1834,24.5293,-9.8747
16.1934,30.3955,-8.5806
16.2022,27.8285,-8.8202
16.2120,20.8967,-17.0437
16.2217,20.8327,-13.9422
16.2312,20.4201,-16.4171
16.2408,16.6831,-14.6771
16.2508,21.8609,-0.7945
16.2596,27.2154,-2.2567
16.2701,28.9723,-4.4722
16.2812,28.3675,-0.2067
16.2912,30.1587,-1.3365
16.3011,32.4602,-5.1828
16.3117,32.6326,-10.8586
16.3215,31.6378,-15.2629
16.3316,31.2425,-18.2001
16.3405,25.4786,-26.1100
16.3511,30.3283,-16.0949
16.3608,29.1566,-12.3838
16.3696,28.1347,-17.5250
16.3798,31.3353,-4.5460
16.3905,34.4242,-1.5374
16.4001,36.4367,-3.0480
16.4109,35.4837,-1.7409
16.4212,35.7291,-6.3315
16.4313,35.9712,-8.3898
16.4410,36.2447,-13.1428
16.4498,35.0273,-12.1642
16.4597,36.7410,-13.9093
16.4703,35.7035,-17.5431
16.4794,32.2291,-14.1132
16.4893,32.9502,-14.3825
16.5000,35.9276,-14.0579
16.5089,36.0571,-10.7337
16.5189,38.9537,-7.9443
16.5289,40.0837,-9.6967
16.5379,42.7150,-6.2287
16.5473,40.3614,-3.5469
16.5572,43.8236,-7.2923
16.5671,39.9515,-1.3358
16.5793,38.7430,-6.1840
16.5901,37.9814,-7.5553
16.5995,38.2043,-6.4757
16.6092,41.5056,-8.4838
16.6193,41.3184,-13.3892
16.6281,42.7141,-20.0345
16.6376,47.2209,-5.7536
16.6475,50.3637,-3.6352
16.6573,54.3436,-6.7797
16.6669,54.4621,-3.2073
16.6777,56.4648,-6.8062
16.6879,56.8964,-7.1749
16.6984,57.0207,-12.7233
16.7072,53.0274,-15.4694
16.7173,48.7602,-7.9515
16.7272,49.6518,-14.1263
16.7361,50.1743,-17.5543
16.7465,55.5157,-8.9568
16.7561,59.0528,-6.6900
16.7657,62.0430,-2.5787
16.7757,61.3697,-1.2793
16.7856,63.2579,-5.1085
16.7949,60.4464,-0.7678
16.8048,58.5473,-2.8545
16.8154,55.7084,-1.9734
16.8256,58.8830,-12.9738
16.8351,54.5922,-10.4747
16.8437,53.0260,-13.0047
16.8542,51.7930,-17.0810
16.8642,52.3741,-17.4402
16.8736,53.9455,-19.0328
16.8833,57.6858,-14.0712
16.8931,59.4532,-12.5922
16.9032,60.2030,-12.3809
16.9133,60.2067,-11.0522
16.9231,59.5386,-2.7312
16.9331,63.2529,-2.4153
16.9437,64.4150,0.1396
16.9524,64.1215,-0.6924
16.9625,67.9268,-6.4762
16.9723,65.5173,-1.8366
16.9813,66.3885,-3.8662
16.9919,65.4176,-6.7592
17.0014,65.4764,-7.9586
17.0112,63.8305,-6.0466
17.0210,64.7293,-9.8321
17.0316,64.2353,-8.4025
17.0412,65.7049,-9.3754
17.0512,68.1536,-6.0340
17.0598,66.3525,-1.9812
17.0700,68.1399,-5.2871
17.0801,66.6327,-5.8259
17.0899,64.9023,-7.5312
17.1000,64.9932,-11.0153
17.1091,62.7256,-12.7608
17.1188,60.7089,-15.6747
17.1289,59.7617,-16.1221
17.1383,59.9403,-18.1290
17.1480,61.8249,-16.4676
17.1569,63.1847,-13.7747
17.1666,65.8066,-13.3077
17.1766,67.2425,-10.9513
17.1857,69.1574,-7.9651
17.1955,70.3939,-5.3947
17.2047,70.2526,-6.2268
17.2148,69.7217,-5.1318
17.2251,69.9525,-7.2012
17.2345,68.7625,-4.7525
17.2444,68.6363,-6.5099
17.2534,67.0004,-9.4646
17.2638,65.8113,-12.2191
17.2733,64.9209,-10.7355
17.2826,64.4196,-10.9095
17.2927,64.5704,-10.7993
17.3029,64.5006,-11.1972
17.3128,63.1544,-9.6624
17.3229,64.8997,-10.6110
17.3338,64.9777,-10.9866
17.3437,66.0405,-11.4687
17.3535,63.4525,-9.9743
17.3622,63.4570,-13.5795
17.3725,64.6536,-14.3054
17.3828,65.8830,-9.7766
17.3922,66.6438,-8.5213
17.4029,68.2935,-7.2373
17.4135,68.6134,-12.5888
17.4236,66.7548,-8.4285
17.4337,66.8162,-7.4156
17.4423,64.7767,-5.3393
17.4524,64.7999,-6.0857
17.4621,63.4356,-2.7457
17.4715,63.7231,-4.4076
17.4823,64.4017,-0.0443
17.4930,64.8805,-1.7220
17.5039,62.7833,-24.6828
17.5137,54.9471,-33.1942
17.5223,53.5007,-19.0137
17.5324,52.1812,-16.7130
17.5427,49.8527,-20.4840
17.5524,49.3355,-17.6374
17.5625,47.3272,-12.9169
17.5738,50.0462,-15.7767
17.5839,52.1872,-11.3078
17.5939,51.9955,-13.3357
17.6028,53.8805,-12.9323
17.6137,53.3273,-10.2392
17.6234,54.6173,-13.3238
17.6325,55.0357,-14.9028
17.6433,55.8236,-18.9391
17.6538,54.4810,-6.8570
17.6636,56.0015,-4.6953
17.6741,55.5109,-4.2116
17.6831,56.7288,-7.1753
17.6931,55.4392,-7.3285
17.7026,54.6467,-4.8061
17.7114,57.6547,-6.9943
17.7211,59.6363,-11.6413
17.7313,57.3101,-22.2009
17.7407,50.9600,-30.0893
17.7506,10.9767,-57.3748
17.7612,31.1102,36.6143
17.7709,-6.8391,46.4242
17.7803,66.7848,-12.9397
17.7893,55.0054,-10.3093
17.8000,24.5458,-1.7672
17.8105,28.8200,-27.7737
17.8191,26.6098,-32.1099
17.8288,27.7887,-20.2557
17.8390,25.7567,-20.2912
17.8479,27.3207,-17.8409
17.8583,31.1541,-14.7782
17.8686,25.5611,-16.5343
17.8777,33.1882,-10.0925
17.8881,24.9082,-15.7536
17.8976,20.0502,-9.6353
17.9071,20.5034,-7.3677
17.9175,20.0932,-6.8101
17.9280,21.0975,-5.0740
17.9379,21.8270,-2.1263
17.9479,21.1495,-8.5189
17.9569,7.7980,-24.7576
17.9667,7.9776,-25.3599
17.9763,27.5415,-20.7369
17.9850,23.5056,-14.3993
17.9951,19.8659,-6.6600
18.0048,27.2683,-10.2174
18.0133,27.5899,-7.7646
18.0229,23.4817,-3.7775
18.0327,26.7140,-1.2321
18.0421,27.5262,0.8456
18.0517,24.6194,1.2549
18.0625,25.8581,-4.4467
18.0722,14.9336,-17.2919
18.0825,23.3208,-17.4986
18.0911,22.6428,-13.6304
18.1009,23.3288,-14.9380
18.1110,24.5739,-11.4650
18.1209,26.9362,-9.4020
18.1305,24.2396,-10.9359
18.1407,19.1331,-9.4028
18.1508,20.3406,-6.0561
18.1608,23.0813,-6.0504
18.1694,16.4349,-19.1526
18.1790,13.5843,-17.5211
18.1889,17.1904,-19.9703
18.1975,21.3894,-18.9778
18.2076,28.2439,-16.0625
18.2180,16.0753,-14.3014
18.2272,10.9104,-3.0788
18.2370,13.1066,-4.8746
18.2466,19.4503,-10.9108
18.2562,23.1423,-1.1997
18.2662,23.2529,-3.8937
18.2759,23.7237,-0.3335
18.2863,21.8865,-5.4124
18.2969,20.8716,-11.5214
18.3058,11.5851,-12.9304
18.3155,11.4925,-24.4524
18.3258,12.0934,-24.6476
18.3347,12.3340,-13.7854
18.3451,13.9484,-13.7670
18.3547,14.8087,-13.6763
18.3645,16.7606,-8.4312
18.3744,15.6681,-6.7900
18.3851,18.0158,-4.4416
18.3948,18.8129,-1.3763
18.4051,19.2483,-2.9272
18.4151,19.7925,-7.4162
18.4248,21.4665,-11.7952
18.4344,17.5361,-13.0678
18.4430,13.8442,-15.7425
18.4527,5.3333,-17.2499
18.4624,8.8071,-24.6675
18.4711,7.9261,-20.6343
18.4806,5.5669,-12.6001
18.4906,5.5814,-10.0826
18.4994,7.8978,-9.5870
18.5089,10.0185,-8.8054
18.5187,9.5807,-5.3242
18.5284,11.1904,-5.2745
18.5385,13.8017,-5.3442
18.5479,13.8780,-3.3619
18.5576,11.7757,-3.3653
18.5675,8.1031,-6.7456
18.5761,7.2133,-14.1753
18.5855,5.3992,-14.4437
18.5955,3.7006,-11.2688
18.6051,5.2078,-11.1352
18.6149,6.0939,-11.3351
18.6243,6.9966,-14.6404
18.6330,9.1987,-12.1829
18.6429,4.3086,-4.9469
18.6541,5.1487,-6.5662
18.6626,5.9245,-11.2545
18.6722,-1.1113,-10.0812
18.6820,-7.6951,-8.1471
18.6915,-10.5694,-7.5849
18.7014,-8.8189,-8.3113
18.7106,-6.5145,-8.5408
18.7206,-6.5756,-4.8153
18.7302,-7.0213,-1.9004
18.7388,-3.8923,-1.5644
18.7484,-4.0326,-3.6120
18.7582,-7.4459,-2.8418
18.7676,-10.1823,-5.7631
18.7777,-12.0645,-9.5268
18.7869,-14.1844,-14.5631
18.7970,-15.2006,-13.8813
18.8064,-16.3711,-13.3153
18.8150,-13.4891,-15.3635
18.8248,-11.5692,-13.5525
18.8349,-10.3550,-10.2289
18.8441,-8.7024,-6.3741
18.8543,-10.3464,-4.7337
18.8633,-11.7325,-2.6652
18.8731,-9.4353,-1.5249
18.8830,-14.6960,-5.3834
18.8916,-14.6212,-12.3198
18.9015,-18.0468,-20.3351
18.9111,-19.6133,-19.0353
18.9213,-17.6840,-15.6714
18.9310,-15.3144,-9.8244
18.9396,-13.2526,-5.3315
18.9497,-9.5026,-6.0546
18.9598,-8.4416,-1.6446
18.9684,-6.2615,0.3416
18.9784,-5.2035,-1.9086
18.9886,-4.1083,-0.6164
18.9984,-3.4507,-1.1305
19.0080,-3.0860,0.8072
19.0166,-4.6791,-2.4787
19.0267,-7.6106,-7.6856
19.0362,-8.4747,-10.6191
19.0447,-8.2352,-13.2487
19.0545,-25.0066,-18.6738
19.0635,-17.7133,-21.5732
19.0730,-11.9226,-15.9890
19.0823,-11.1667,-14.7299
19.0909,-10.6477,-13.2802
19.1005,-12.2930,-8.2583
19.1102,-13.3314,-10.0722
19.1198,-15.1181,-8.3344
19.1296,-14.0054,-8.4885
19.1382,-14.5043,-10.0325
19.1479,-16.2564,-8.2519
19.1580,-18.1564,-13.0228
19.1677,-18.6094,-15.5032
19.1778,-21.0534,-13.0283
19.1868,-21.6323,-14.9459
19.1968,-21.3965,-16.0581
19.2067,-18.4941,-17.4854
19.2157,-17.3220,-16.2571
19.2260,-14.9009,-14.2856
19.2348,-13.1972,-12.7561
19.2448,-13.7570,-7.2029
19.2547,-14.2884,-5.1265
19.2636,-15.6026,-6.2827
19.2730,-17.5802,-8.7885
19.2832,-23.8560,-10.0846
19.2931,-22.6178,-13.3643
19.3036,-22.6117,-10.7545
19.3121,-20.2195,-11.7604
19.3216,-16.5449,-14.5162
19.3323,-12.7129,-13.5542
19.3409,-10.6994,-14.4673
19.3503,-11.7983,-14.1304
19.3601,-12.2415,-10.1278
19.3686,-14.6316,-8.7062
19.3786,-19.3220,-11.4212
19.3875,-27.7749,-16.4702
19.3967,-27.8220,-18.8516
19.4064,-29.0833,-17.9846
19.4150,-20.8478,-13.1986
19.4248,-8.4499,-24.1024
19.4335,-7.9489,-18.6672
19.4429,-4.4739,-12.1828
19.4527,-2.8445,-11.3793
19.4613,-0.3551,-9.8211
19.4798,-1.9019,-2.9530
19.4897,-6.8235,-2.3818
19.4986,-13.3348,-1.7747
19.5086,-19.7592,-0.5517
19.5184,-24.5415,-6.2572
19.5278,-23.7800,-12.1244
19.5382,-19.6951,-18.7885
19.5468,-16.1042,-20.4865
19.5561,-13.7075,-19.0213
19.5660,-12.2166,-20.2728
19.5754,-8.5924,-21.3813
19.5851,-7.8275,-21.3151
19.5940,-11.4183,-16.1974
19.6037,-16.1868,-13.4055
19.6138,-18.8027,-12.5104
19.6225,-20.2341,-9.6558
19.6322,-14.2372,-11.9272
19.6414,-6.6633,-16.2134
19.6515,-1.6905,-18.5371
19.6615,-1.3511,-17.2801
19.6708,-0.9336,-14.7945
19.6808,-3.2119,-23.4817
19.6895,-11.3203,-15.7629
19.6994,-15.2892,-17.0701
19.7089,-10.7331,-18.2192
19.7185,-5.4078,-21.2761
19.7282,-2.3121,-19.3060
19.7367,-0.4036,-21.7791
19.7469,-1.4678,-24.1809
19.7572,-2.2141,-23.6876
19.7671,-9.8049,-25.0644
19.7773,-4.6700,-30.9350
19.7861,-4.6191,-27.9791
19.7956,-7.2309,-26.5188
19.8055,-6.4827,-24.4600
19.8144,-5.4248,-22.1281
19.8244,-4.2033,-19.3978
19.8334,-3.2840,-16.8378
19.8438,0.4871,-16.5547
19.8540,2.3137,-21.6582
19.8638,3.3007,-23.4367
19.8737,1.5517,-22.6676
19.8826,-0.2136,-21.6478
19.8931,-3.1860,-18.0402
19.9029,-8.6650,-14.8914
19.9123,-4.3695,-20.8368
19.9228,0.5820,-21.2599
19.9323,2.9419,-20.5912
19.9477,5.2255,-21.5262
19.9576,10.9885,-23.2568
19.9676,10.3627,-26.6732
19.9784,7.6526,-22.5932
19.9882,3.1321,-21.1470
19.9983,1.2571,-20.0766
20.0082,1.8133,-14.6962
20.0169,-4.7062,-8.5730
20.0263,-0.4735,-12.7113
20.0362,6.7185,-23.3919
20.0458,11.2716,-26.8596
20.0553,13.8370,-27.4983
20.0638,14.1904,-25.2903
20.0742,9.7846,-21.8626
20.0842,-2.3212,-18.2574
20.0931,-6.4329,-14.6978
20.1030,-10.0343,-10.1548
20.1124,-3.6885,-9.8090
20.1217,1.2011,-11.6327
20.1316,5.9285,-10.6897
20.1419,7.6210,-10.7339
20.1519,7.8166,-12.6112
20.1725,8.9709,-18.6644
20.1814,5.5620,-21.1656
20.1917,2.3601,-17.0867
20.2020,-6.7125,-14.7571
20.2115,-1.5964,-12.5922
20.2214,4.0381,-13.6422
20.2310,8.6814,-15.5745
20.2407,12.0371,-17.0770
20.2510,11.3685,-16.0250
20.2599,12.4037,-14.2220
20.2697,10.2165,-13.2300
20.2796,3.8573,-12.3147
20.2892,2.1849,-14.8727
20.2993,-1.7669,-16.5715
20.3078,0.8611,-15.9536
20.3171,6.9329,-12.8773
20.3268,6.9803,-11.7420
20.3360,12.4533,-15.2861
20.3458,17.7559,-16.2411
20.3543,18.6853,-10.8337
20.3638,14.6855,-6.6924
20.3737,10.7542,-10.4347
20.3825,6.3639,-9.7393
20.3922,2.0932,-13.4730
20.4022,-1.8129,-18.8409
20.4117,-2.4359,-18.5430
20.4214,-1.6620,-18.1929
20.4306,1.9912,-16.4289
20.4400,4.6633,-16.2016
20.4501,6.6026,-15.4391
20.4601,8.8033,-19.9581
20.4700,12.8722,-22.2782
20.4787,12.1380,-19.7328
20.4885,8.2760,-14.3721
20.4993,3.6191,-12.0591
20.5086,2.1236,-14.9685
20.5186,-0.8792,-16.6701
20.5273,-0.5421,-18.1047
20.5376,9.2502,-17.2943
20.5474,12.2345,-16.2876
20.5606,9.0225,-12.1166
20.5706,4.4546,-13.1989
20.5790,6.1205,-19.0791
20.5879,8.4435,-22.7172
20.5979,5.4553,-16.6002
20.6072,3.3140,-18.5608
20.6168,1.6134,-23.0939
20.6265,1.8541,-22.6829
20.6351,0.2936,-21.3494
20.6451,0.3002,-19.6055
20.6545,-1.1364,-25.7752
20.6652,3.8123,-31.1611
20.6760,8.0004,-22.0411
20.6857,6.1567,-15.8238
20.6956,5.2383,-15.5090
20.7047,4.4573,-15.1766
20.7147,4.0375,-17.6594
20.7247,1.8925,-17.8448
20.7346,-3.4017,-18.5660
20.7453,-5.2437,-19.9009
20.7539,-7.6980,-22.0561
20.7638,-3.5757,-22.8369
20.7738,-2.3111,-19.5014
20.7843,-4.1390,-22.1823
20.7948,5.7616,-18.2710
20.8038,15.5013,-22.5204
20.8139,3.7493,-17.3914
20.8246,5.5983,-21.6593
20.8345,0.0558,-19.8913
20.8441,-1.3898,-16.1590
20.8536,-4.8833,-16.2594
20.8643,-4.7450,-22.0576
20.8750,-4.3086,-22.9300
20.8854,-2.0666,-22.7936
20.8954,2.2111,-24.0688
20.9050,6.6548,-25.6614
20.9151,3.9819,-21.1465
20.9255,0.0145,-19.5190
20.9358,-4.5350,-15.0239
20.9480,-7.3823,-12.4804
20.9585,-9.1399,-15.8581
20.9688,-13.9422,-16.7436
20.9782,-9.2553,-18.8336
20.9881,-2.9775,-24.9319
20.9978,-3.0398,-21.3293
21.0157,8.1831,-22.1507
21.0264,3.2700,-11.5236
21.0362,0.3377,-16.0800
21.0461,-7.2166,-9.0916
21.0570,-11.3063,-14.6486
21.0673,-17.1606,-18.4184
21.0761,-16.0400,-20.9220
21.0863,-14.5487,-17.7265
21.0962,-11.5911,-18.3302
21.1058,-3.6603,-17.3183
21.1160,2.9182,-17.5999
21.1245,1.8092,-16.1199
21.1343,5.5245,-25.7791
21.1444,-1.9227,-15.7090
21.1537,-6.5216,-14.5605
21.1640,-12.3989,-16.4291
21.1726,-16.6016,-14.5778
21.1830,-19.0287,-7.9798
21.1932,-12.7872,-12.7126
21.2027,-11.2325,-13.4284
21.2126,-0.8122,-17.1212
21.2217,-1.4185,-13.8303
21.2315,0.7426,-11.7744
21.2411,-1.5198,-6.0459
21.2510,-5.7205,-3.0745
21.2613,-9.9460,-6.5592
21.2700,-16.3173,-7.2744
21.2795,-17.9753,-15.9508
21.2894,-20.1130,-17.9136
21.2989,-21.3508,-15.7661
21.3092,-20.2366,-20.7775
21.3177,-15.2398,-23.3852
21.3275,-12.6791,-22.5421
21.3375,-10.9470,-23.4112
21.3464,-10.2607,-19.4845
21.3557,-9.9592,-12.1486
21.3654,-15.7892,-4.2754
21.3739,-17.4003,-4.2799
21.3834,-22.3039,-4.1909
21.3935,-24.1038,-10.7579
21.4037,-21.0277,-12.0373
21.4136,-17.9654,-7.4191
21.4242,-11.4571,-9.4626
21.4348,-9.1651,1.5485
21.4450,-5.6357,13.1991
21.4547,-8.7562,21.8662
21.4645,-12.2894,21.9813
21.4747,-16.0674,8.2117
21.4845,-9.0017,-3.8950
21.4950,-12.9556,-17.5557
21.5050,-9.6353,-29.6210
21.5150,-7.9082,-28.0353
21.5250,-8.4394,-24.7215
21.5342,-8.5763,-20.9597
21.5441,-6.8390,-14.0530
21.5536,-12.4971,-6.4837
21.5622,-8.5865,-11.9479
21.5764,-14.0230,-10.2452
21.5863,-13.6924,-14.0317
21.5952,-15.0375,-16.9140
21.6050,-16.2489,-12.0474
21.6153,-8.7536,-19.2458
21.6256,-6.5251,-26.8852
21.6357,-11.3114,-22.6409
21.6444,-8.6604,-23.3908
21.6547,-7.6521,-22.1453
21.6642,-7.9395,-11.0652
21.6742,-6.0054,-4.1161
21.6841,-13.1158,-8.2132
21.6930,-17.5899,-14.8574
21.7034,-15.3640,-18.0148
21.7123,-9.5207,-17.1148
21.7218,-9.4206,-14.2551
21.7318,-6.7516,-14.9052
21.7407,3.5207,-15.7299
21.7505,0.5604,-10.1540
21.7596,7.0205,-10.4414
21.7696,1.0697,-13.2164
21.7790,-1.0252,-5.0494
21.7876,-2.1521,0.7674
21.7975,0.1697,5.2533
21.8067,-3.9684,2.0388
21.8166,-5.4841,0.3766
21.8272,-6.4721,0.3936
21.8370,-2.8063,-4.5758
21.8469,0.5316,-7.1503
21.8557,1.0512,-5.6105
21.8656,5.8696,-4.4885
21.8753,3.5479,-2.1680
21.8847,6.2088,-5.5638
21.8949,2.6383,-0.1381
21.9057,0.8520,-4.5101
21.9152,-6.6993,-1.1020
21.9253,-12.1757,-4.1670
21.9349,-4.0662,-18.3683
21.9450,-3.0540,-16.5080
21.9537,5.1854,-21.2530
21.9636,2.1257,-16.4093
21.9737,11.8211,-15.9405
21.9838,10.6947,-22.0506
21.9934,4.6907,-15.2434
22.0022,4.9274,-12.5949
22.0126,-1.7511,-3.6524
22.0215,-5.6344,-1.3415
22.0313,-4.3394,-10.9123
22.0411,-6.2748,-4.4356
22.0532,-0.8024,-11.3640
22.0633,2.4976,-13.6702
22.0727,-1.5500,-11.2582
22.0829,6.2497,-20.7122
22.0930,4.7448,-14.5634
22.1017,5.7310,-17.4885
22.1115,3.8598,-15.1381
22.1218,-3.4433,-10.3351
22.1312,8.5707,-16.4144
22.1409,-0.1011,-9.0920
22.1513,2.9589,-12.4249
22.1612,9.2131,-7.4674
22.1710,15.6452,-7.5147
22.1797,14.9878,-10.4746
22.1896,-1.3349,-38.3438
22.1991,-8.5871,-11.4572
22.2087,-7.8735,-3.6848
22.2191,-14.1401,2.4183
22.2293,-5.0735,-9.8583
22.2393,-0.3256,-7.1671
22.2495,5.9156,-11.0435
22.2581,4.2436,-2.4727
22.2681,11.4911,-8.3212
22.2783,7.5629,-14.9537
22.2870,-0.2240,-11.4882
22.2968,0.4428,-17.2282
22.3066,-1.0177,-21.6381
22.3163,-0.0141,-17.5587
22.3257,5.0853,-23.8824
22.3360,4.7942,-19.2031
22.3462,4.3587,-14.3080
22.3565,-1.2502,-7.7542
22.3650,6.1606,-14.7758
22.3745,2.4757,-12.7394
22.3842,7.5084,-17.4645
22.3928,4.8938,-13.2581
22.4032,-0.4378,-19.8272
22.4134,-2.0307,-17.5161
22.4234,-2.6149,-17.0550
22.4334,-0.3888,-19.8794
22.4436,2.6223,-22.6849
22.4534,-0.6242,-10.6582
22.4636,-1.9902,-11.0117
22.4722,1.6667,-13.8035
22.4824,6.0048,-16.4313
22.4922,5.9576,-19.8148
22.5010,-2.3504,-17.3254
22.5112,-2.4214,-17.1183
22.5208,8.0247,-30.4291
22.5296,-2.1808,-17.3377
22.5399,-7.0163,-12.3133
22.5499,-3.8380,-10.1502
22.5592,-3.0969,-5.6488
22.5688,0.4642,-10.0239
22.5784,7.2087,-13.4298
22.5883,-2.2220,-17.6195
22.5988,11.4794,-25.2343
22.6075,12.5651,-13.7581
22.6175,0.1855,-22.9010
22.6278,5.2624,-30.1157
22.6374,-8.6157,-34.6588
22.6475,-26.7588,-9.7933
22.6583,-18.2903,2.6144
22.6679,-11.1808,-0.8383
22.6777,-7.6881,-10.5621
22.6865,-6.9703,-11.2390
22.6967,14.8876,-10.8655
22.7064,8.5838,-11.8270
22.7156,4.5862,-20.4840
22.7255,15.8772,-30.9000
22.7355,-10.6199,-44.7215
22.7447,-10.8256,-21.7912
22.7543,-23.2565,0.0649
22.7643,-19.2471,4.0647
22.7742,-14.0428,6.5220
22.7836,-11.6001,5.5517
22.7923,-4.9972,4.6226
22.8019,8.9068,-4.7662
22.8129,4.5426,-15.5090
22.8231,-1.3033,-24.5806
22.8333,2.0226,-29.8354
22.8421,7.7716,-20.7076
22.8523,-1.9859,-12.5624
22.8621,-7.3937,-5.9549
22.8710,-9.4845,8.1587
22.8810,-6.3406,14.6491
22.8913,-1.7436,10.1556
22.9007,1.0959,1.6671
22.9108,-12.5271,0.3945
22.9212,-13.3038,-14.0101
22.9315,-7.5631,-22.5153
22.9411,-12.1368,-18.5102
22.9499,2.2784,-14.5110
22.9597,6.3851,-16.4552
22.9694,-4.0801,-3.2315
22.9778,-6.4004,2.5165
22.9875,-2.8849,1.4876
22.9970,5.7816,-2.5505
23.0064,4.8860,-2.4020
23.0166,1.5962,-11.6107
23.0273,-5.7362,-15.5503
23.0373,-12.4420,-20.4610
23.0475,-13.3495,-22.3866
23.0561,-15.4158,-12.6566
23.0661,-14.3770,-3.5449
23.0760,-12.0179,0.0880
23.0848,-8.5084,-1.9031
23.0943,-1.7006,0.5573
23.1043,-3.7759,0.2096
23.1141,2.2652,-29.4576
23.1245,-13.4973,-8.1812
23.1343,-12.5112,-8.2832
23.1443,-13.4506,-1.7367
23.1544,-12.7081,-1.4239
23.1629,-10.2911,-4.4846
23.1728,-7.2220,-5.5149
23.1824,-5.7815,-7.1744
23.1910,-4.9925,-5.9362
23.2006,-6.8100,-7.3055
23.2103,-4.5976,-14.2208
23.2201,-10.2449,-16.0748
23.2301,-16.5228,-11.8302
23.2409,-17.3284,-10.9782
23.2506,-16.1424,-13.9420
23.2606,-12.2638,-14.1079
23.2693,-7.2637,-15.8968
23.2792,-6.0032,-15.4616
23.2887,-4.6183,-15.0790
23.2974,-2.7320,-16.0040
23.3075,-7.1312,-16.0695
23.3171,-9.8902,-16.4664
23.3257,-17.2157,-12.2377
23.3353,-21.7415,-10.9246
23.3452,-21.7912,-10.4895
23.3548,-20.9007,-11.1276
23.3640,-17.7666,-13.0928
23.3736,-13.7844,-12.0406
23.3830,-14.3678,-12.4525
23.3926,-14.8293,-14.9170
23.4010,-16.1863,-19.1383
23.4105,-18.3630,-16.8988
23.4198,-18.0532,-14.5846
23.4287,-17.2614,-16.7160
23.4388,-19.9194,-16.4820
23.4488,-15.0946,-21.7370
23.4585,-20.4181,-18.7870
23.4688,-17.7887,-19.5463
23.4784,-19.5375,-15.5413
23.4881,-16.6042,-14.3056
23.4979,-13.9822,-16.6155
23.5071,-10.9260,-17.6416
23.5170,-13.0052,-15.8156
23.5268,-9.2531,-19.5158
23.5356,-12.0301,-17.7814
23.5455,-15.6549,-20.2465
23.5551,-16.2248,-20.3237
23.5651,-20.6717,-21.9506
23.5749,-28.4965,-21.5363
23.5846,-19.0199,-23.4349
23.5940,-20.1501,-20.3100
23.6035,-15.2035,-24.7380
23.6120,-12.5063,-22.4247
23.6217,-8.0864,-20.2694
23.6311,-2.5411,-22.9378
23.6399,-1.9740,-23.0518
23.6496,-3.6625,-22.4924
23.6596,-7.5150,-22.0966
23.6690,-7.5505,-23.0499
23.6788,-14.9094,-17.7703
23.6885,-15.2510,-21.6541
23.6986,-15.5896,-22.6734
23.7081,-13.2757,-24.5412
23.7168,-9.1944,-24.3605
23.7265,-11.1311,-21.5802
23.7365,-11.3752,-21.5453
23.7451,-11.1668,-18.7394
23.7546,-10.2756,-15.6280
23.7645,-9.4612,-15.7762
23.7744,-8.2258,-17.7381
23.7842,-9.6800,-19.7106
23.7945,-11.4171,-19.9274
23.8044,-12.2168,-20.4466
23.8140,-13.3792,-21.4460
23.8226,-12.2892,-23.9236
23.8328,-10.5973,-24.7624
23.8431,-15.2118,-22.9236
23.8525,-14.0338,-23.5906
23.8626,-13.0964,-23.0420
23.8726,-12.4436,-22.9175
23.8816,-7.6077,-22.0255
23.8919,-4.8336,-19.8933
23.9017,-5.3942,-20.8155
23.9114,-6.9682,-22.2302
23.9214,-8.7326,-22.2599
23.9323,-12.0466,-22.1549
23.9419,-11.7823,-23.9000
23.9520,-11.9847,-23.9541
23.9613,-11.2091,-24.0735
23.9716,-10.2312,-25.4971
23.9810,-6.2849,-26.7637
23.9897,-7.4690,-23.5989
23.9996,-8.9860,-22.1818
24.0094,-9.4198,-19.5351
24.0180,-7.2236,-19.7801
24.0275,-9.1172,-19.4252
24.0369,-9.3636,-22.1795
24.0458,-10.3058,-22.6708
24.0559,-9.7430,-22.9383
24.0657,-7.8538,-22.4379
24.0748,-8.4233,-22.6517
24.0854,-9.0820,-22.7049
24.0951,-11.5077,-21.3441
24.1045,-14.7875,-22.9453
24.1142,-13.8780,-20.7343
24.1243,-11.4897,-22.2023
24.1338,-11.2987,-21.1030
24.1436,-10.7791,-21.3240
24.1523,-11.3684,-20.4703
24.1629,-9.7655,-22.7594
24.1724,-11.5109,-21.3361
24.1812,-12.3708,-21.7605
24.1907,-12.6160,-19.0934
24.2005,-12.5619,-18.7080
24.2098,-11.1998,-20.5826
24.2198,-13.0156,-22.5620
24.2298,-13.4762,-23.0664
24.2397,-12.7999,-23.9148
24.2495,-11.2022,-21.6462
24.2585,-11.5282,-21.7304
24.2684,-10.6521,-21.2388
24.2789,-9.5301,-19.5792
24.2876,-9.3228,-19.9066
24.2973,-11.2605,-18.8768
24.3072,-10.5353,-18.7070
24.3162,-9.5403,-19.1765
24.3262,-9.7917,-20.9052
24.3360,-10.7363,-23.3144
24.3450,-10.2997,-25.1006
24.3550,-11.2641,-22.7374
24.3646,-9.0026,-21.6750
24.3743,-9.4889,-21.7690
24.3843,-11.1705,-20.8985
24.3945,-8.4657,-20.8192
24.4043,-10.0735,-19.2149
24.4138,-11.6111,-19.2347
24.4226,-11.6675,-20.0973
24.4326,-11.6410,-19.0128
24.4422,-12.9867,-20.1067
24.4511,-13.5796,-20.1139
24.4609,-14.7749,-19.7870
24.4709,-12.2854,-19.5299
24.4798,-12.4279,-20.3782
24.4897,-11.5824,-21.0778
24.4996,-12.1574,-21.6848
24.5086,-10.3478,-21.5758
24.5180,-11.3184,-18.6260
24.5279,-12.5049,-18.6716
24.5368,-14.0774,-18.0010
24.5467,-13.1396,-17.4841
24.5561,-13.2072,-17.0032
24.5649,-11.9347,-20.3379
24.5751,-11.6118,-20.5872
24.5852,-12.0030,-20.2204
24.5946,-11.6819,-19.1553
24.6045,-11.3196,-19.0345
24.6144,-10.0465,-20.3134
24.6240,-12.1825,-20.0986
24.6339,-13.9168,-21.0417
24.6425,-13.2108,-22.0685
24.6530,-12.2544,-20.4163
24.6634,-11.0830,-20.0276
24.6722,-9.1617,-22.0962
24.6822,-9.6139,-20.8456
24.6924,-8.1192,-20.8616
24.7025,-8.3272,-20.0343
24.7123,-7.7254,-21.2995
24.7226,-9.8946,-21.2466
24.7322,-12.7710,-22.0284
24.7422,-14.7392,-21.0916
24.7508,-14.4304,-21.3785
24.7603,-13.2502,-21.0305
24.7700,-13.2356,-19.7561
24.7788,-12.9169,-20.1637
24.7882,-12.2497,-18.5427
24.7976,-11.3597,-18.3243
24.8072,-10.2732,-20.1185
24.8166,-12.1218,-20.1948
24.8266,-10.0848,-21.1624
24.8364,-11.4754,-20.5311
24.8463,-12.1142,-20.9692
24.8553,-13.4261,-21.2227
24.8658,-14.5966,-21.2114
24.8757,-12.4659,-21.3866
24.8846,-10.3736,-21.5874
24.8947,-9.9653,-21.1723
24.9043,-9.5925,-19.9122
24.9131,-6.0757,-19.4641
24.9231,-8.3060,-19.4073
24.9328,-8.9825,-20.6941
24.9414,-9.1885,-20.3935
24.9515,-8.5912,-20.5561
24.9613,-10.3466,-19.0553
24.9706,-11.9137,-18.8770
24.9800,-12.9575,-19.0151
24.9896,-11.4320,-20.9322
24.9990,-10.0548,-21.8353
25.0091,-10.7963,-19.7281
25.0203,-9.7602,-18.6394
25.0302,-8.9184,-19.4386
25.0507,-8.7043,-20.4531
25.0602,-13.2587,-17.5483
25.0696,-15.6257,-17.8704
25.0834,-14.2804,-17.6930
25.0933,-14.5937,-18.0464
25.1036,-14.7964,-17.5095
25.1137,-14.4846,-16.5794
25.1225,-15.0128,-16.8645
25.1326,-16.1063,-17.1143
25.1424,-12.6566,-18.1785
25.1511,-10.7665,-17.3452
25.1614,-8.2420,-17.8724
25.1712,-10.5892,-16.7268
25.1806,-11.3739,-17.6515
25.1902,-10.3695,-18.6440
25.2054,-9.8542,-19.2723
25.2143,-10.5231,-19.8181
25.2249,-11.5621,-20.1948
25.2353,-15.8027,-22.7606
25.2451,-14.4957,-23.6090
25.2547,-14.2790,-20.3818
25.2633,-12.6119,-20.0236
25.2732,-14.3073,-19.5547
25.2828,-13.3771,-18.7570
25.2915,-14.5939,-18.3697
25.3017,-13.7806,-17.8406
25.3114,-12.4599,-17.2688
25.3208,-11.2551,-14.7577
25.3306,-10.2415,-15.2342
25.3392,-11.3449,-15.5009
25.3523,-13.0868,-18.8917
25.3623,-13.6075,-17.7530
25.3710,-11.7105,-18.7454
25.3809,-10.4256,-20.1583
25.3902,-11.1347,-21.1467
25.4000,-12.7805,-19.5318
25.4097,-14.6520,-19.3562
25.4191,-14.5095,-19.1318
25.4291,-13.5554,-19.6833
25.4375,-13.9660,-18.9706
25.4479,-13.4589,-19.4504
25.4575,-13.1411,-18.0315
25.4668,-13.6771,-17.7775
25.4824,-14.0146,-17.7776
25.4910,-15.1440,-17.4060
25.5007,-16.5210,-20.4322
25.5105,-12.9433,-21.1048
25.5191,-11.6869,-20.5814
25.5293,-12.7999,-18.5993
25.5427,-12.3856,-20.2034
25.5524,-9.8323,-19.3409
25.5622,-13.4755,-14.9894
25.5708,-12.5725,-17.4195
25.5806,-12.5120,-17.9775
25.5902,-11.5615,-17.6152
25.5996,-10.9987,-17.6212
25.6096,-8.2219,-19.9092
25.6185,-11.2579,-16.1795
25.6288,-12.0671,-17.3724
25.6384,-15.5153,-16.4866
25.6478,-17.1490,-16.9551
25.6579,-15.7934,-17.1397
25.6666,-13.8619,-18.2879
25.6761,-13.7672,-20.6806
25.6856,-14.6085,-22.1708
25.6949,-15.4919,-20.7391
25.7050,-12.5493,-20.6571
25.7139,-8.9128,-19.3703
25.7240,-11.3808,-17.4304
25.7337,-10.5040,-19.1265
25.7433,-12.0027,-17.6329
25.7530,-13.5861,-17.3582
25.7631,-13.7498,-17.8656
25.7731,-12.6942,-18.3366
25.7829,-12.2525,-19.2613
25.7918,-14.2305,-19.2227
25.8013,-13.8152,-20.2863
25.8114,-11.9611,-20.2674
25.8212,-11.3343,-20.4567
25.8321,-10.3771,-20.6040
25.8407,-10.2776,-19.9116
25.8510,-10.1433,-19.8704
25.8616,-12.0694,-19.5124
25.8713,-11.5104,-19.2419
25.8808,-11.9143,-20.4099
25.8894,-11.2052,-19.9880
25.8997,-10.3445,-20.1335
25.9096,-12.5923,-19.3902
25.9183,-12.5223,-20.1078
25.9282,-12.7599,-19.4066
25.9385,-12.3983,-19.3148
25.9474,-14.6220,-18.4206
25.9572,-15.1765,-18.9380
25.9673,-15.2775,-18.0536
25.9773,-13.9284,-17.0901
25.9873,-13.8856,-18.8328
25.9976,-13.1663,-17.6902
26.0082,-12.2981,-17.8275
26.0184,-12.3221,-18.5807
26.0273,-12.8508,-17.9966
26.0369,-15.8648,-19.4947
26.0468,-13.0427,-20.6963
26.0563,-10.2273,-20.4993
26.0664,-11.8971,-18.8774
26.0765,-11.5760,-18.3243
26.0863,-12.4833,-16.6771
26.0963,-14.4573,-18.0438
26.1052,-13.5513,-17.7348
26.1156,-9.8855,-18.2779
26.1257,-11.6707,-17.0898
26.1344,-10.2297,-17.8517
26.1444,-11.9835,-16.9345
26.1545,-12.9534,-17.6184
26.1639,-14.4769,-18.7296
26.1738,-10.8861,-20.8174
26.1841,-12.2934,-16.6137
26.1944,-11.8649,-18.9834
26.2039,-12.6864,-17.1255
26.2127,-12.5490,-17.0845
26.2229,-13.0675,-16.9275
26.2326,-11.9342,-17.3841
26.2413,-11.3631,-17.5064
26.2508,-10.4457,-18.6712
26.2607,-12.3050,-17.1729
26.2705,-15.0804,-16.3934
26.2809,-15.9927,-16.8449
26.2907,-14.2492,-17.6978
26.3008,-12.8257,-18.4023
26.3113,-13.1002,-17.1855
26.3198,-13.6939,-17.3107
26.3295,-11.0912,-18.2016
26.3398,-11.5323,-17.4944
26.3490,-11.8378,-17.4549
26.3591,-12.2789,-17.1810
26.3688,-11.4140,-18.5010
26.3791,-10.4344,-20.2436
26.3898,-11.4536,-19.2588
26.4002,-13.4751,-17.7335
26.4100,-15.8417,-17.4504
26.4202,-15.0709,-16.4984
26.4289,-14.6833,-16.2680
26.4391,-12.4028,-17.0786
26.4493,-11.7830,-17.4207
26.4590,-12.2899,-16.7270
26.4694,-13.2972,-18.1513
26.4791,-13.6061,-17.9922
26.4888,-12.1821,-16.2315
26.4990,-12.6409,-16.6482
26.5082,-12.2487,-17.0874
26.5178,-13.3407,-16.4715
26.5274,-13.9417,-17.1858
26.5361,-14.7872,-18.6671
26.5469,-13.3583,-20.2921
26.5578,-12.7719,-19.2472
26.5671,-11.6396,-19.1925
26.5767,-10.6531,-18.0135
26.5869,-11.6767,-17.0964
26.5971,-13.3316,-17.4745
26.6078,-9.2882,-16.8739
26.6163,-10.0715,-15.6678
26.6263,-10.9476,-16.4631
26.6364,-11.6556,-15.5368
26.6450,-12.7003,-15.4226
26.6548,-15.1334,-17.3853
26.6647,-13.4718,-17.9914
26.6743,-14.3621,-16.8657
26.6847,-11.8225,-16.7838
26.6946,-13.1079,-17.1484
26.7047,-12.4015,-16.7598
26.7149,-13.1464,-16.5501
26.7237,-12.4196,-17.2656
26.7338,-13.7078,-16.7463
26.7438,-12.3898,-18.4033
26.7525,-11.2956,-18.7168
26.7631,-10.9494,-18.3764
26.7725,-11.4827,-17.4637
26.7817,-11.7566,-16.3823
26.7921,-11.7724,-17.3182
26.8009,-10.4864,-16.7619
26.8109,-10.4633,-17.1398
26.8316,-12.0742,-16.2346
26.8402,-12.9628,-15.3826
26.8503,-12.7840,-15.0823
26.8608,-14.7586,-15.5625
26.8696,-14.1307,-16.3441
26.8794,-13.5260,-15.6542
26.8893,-13.6276,-16.0097
26.8982,-13.8080,-15.9111
26.9080,-13.5393,-16.4140
26.9179,-13.7447,-16.4669
26.9276,-13.4546,-15.3833
26.9377,-12.7828,-16.1305
26.9465,-13.3174,-16.7894
26.9561,-12.6271,-18.2825
26.9662,-11.6267,-18.9323
26.9749,-13.3387,-18.5745
26.9845,-12.3972,-18.8296
26.9937,-14.3223,-17.5702
27.0038,-14.2819,-15.9506
27.0137,-14.1104,-16.1652
27.0230,-13.4214,-17.2824
27.0327,-12.0796,-17.3971
27.0415,-12.8079,-16.4533
27.0511,-11.5182,-17.5021
27.0609,-11.1680,-17.0958
27.0694,-10.3400,-17.6594
27.0795,-10.9549,-17.2789
27.0886,-13.4138,-16.1459
27.0982,-15.2367,-15.6657
27.1078,-15.4288,-15.1921
27.1164,-14.4080,-15.1164
27.1308,-13.4014,-15.3224
27.1449,-13.4234,-16.7841
27.1537,-14.0783,-15.3688
27.1639,-13.2261,-16.9694
27.1754,-12.9983,-16.4989
27.1853,-13.5496,-16.1429
27.1963,-16.3876,-15.0774
27.2172,-14.9656,-15.5144
27.2259,-13.3009,-16.1886
27.2354,-13.1134,-15.9884
27.2451,-12.5120,-15.2061
27.2546,-11.6095,-14.9931
27.2644,-11.1390,-15.9304
27.2729,-11.8342,-15.0613
27.2826,-11.1386,-16.6040
27.2927,-12.2395,-16.7253
27.3022,-12.2261,-16.3518
27.3125,-14.0575,-15.1238
27.3210,-14.0626,-15.8471
27.3306,-14.8794,-14.8352
27.3407,-13.6153,-16.7779
27.3491,-14.9481,-15.8241
27.3591,-13.7453,-16.2821
27.3678,-14.1679,-17.1605
27.3776,-13.7583,-16.4873
27.3874,-13.3324,-17.1361
27.3960,-12.1946,-17.0897
27.4059,-13.0571,-17.2755
27.4158,-13.5364,-15.6040
27.4253,-13.8937,-16.3892
27.4353,-11.7514,-17.6186
27.4439,-14.3022,-15.5059
27.4535,-14.6619,-16.5224
27.4637,-16.5936,-15.4394
27.4724,-16.6170,-14.5252
27.4817,-16.2549,-15.7914
27.4918,-15.0451,-15.8919
27.5013,-15.0022,-15.4582
27.5110,-14.5183,-15.6133
27.5195,-13.3310,-17.6257
27.5290,-13.3345,-15.7789
27.5387,-13.8982,-16.0812
27.5473,-12.2647,-16.3645
27.5570,-12.4026,-14.9416
27.5659,-14.6331,-14.3787
27.5753,-14.4800,-14.6736
27.5846,-15.1704,-13.7057
27.5933,-16.3569,-13.0261
27.6033,-16.7406,-14.1617
27.6128,-15.7433,-14.9249
27.6224,-13.6424,-16.4587
27.6326,-11.1171,-16.9161
27.6413,-12.4318,-14.5165
27.6508,-11.5417,-14.7310
27.6609,-11.5767,-15.8900
27.6705,-10.5759,-15.5959
27.6800,-15.0103,-14.4208
27.6891,-15.0051,-16.1583
27.6991,-15.5220,-15.9521
27.7092,-15.3956,-18.8652
27.7186,-18.8919,-15.2131
27.7284,-15.3973,-18.4206
27.7372,-15.6874,-14.8620
27.7468,-12.3177,-16.8800
27.7565,-10.5461,-15.2747
27.7653,-10.3601,-15.9932
27.7747,-8.5118,-17.5837
27.7846,-11.9069,-15.3809
27.7943,-14.3396,-15.5478
27.8039,-17.8973,-16.4110
27.8125,-17.3015,-15.5251
27.8225,-14.5690,-19.3750
27.8327,-14.1558,-16.3085
27.8422,-12.2931,-17.2135
27.8519,-12.3616,-16.5602
27.8606,-11.6502,-14.2711
27.8701,-11.9246,-14.8680
27.8800,-12.7490,-14.2849
27.8884,-13.4400,-13.8579
27.8985,-15.4061,-16.6808
27.9076,-13.5125,-17.3217
27.9177,-18.2308,-15.7996
27.9273,-16.8099,-16.3996
27.9359,-13.6428,-19.5859
27.9461,-14.3503,-15.5285
27.9555,-11.9876,-16.8903
27.9655,-12.0155,-15.9416
27.9753,-10.9894,-15.7651
27.9841,-11.5875,-15.0047
27.9936,-12.4678,-13.3109
28.0036,-14.5104,-11.9310
28.0129,-12.6230,-14.3116
28.0225,-16.2819,-11.7293
28.0313,-16.6161,-13.3119
28.0412,-17.3922,-13.0416
28.0508,-17.5100,-15.3606
28.0595,-16.3314,-15.5915
28.0696,-16.4438,-14.2243
28.0788,-14.5986,-12.1488
28.0887,-10.9038,-13.9566
28.0983,-12.2647,-11.9683
28.1078,-11.2840,-13.0117
28.1180,-13.7317,-11.4909
28.1274,-13.0474,-14.4436
28.1372,-16.0127,-11.8963
28.1474,-16.3148,-13.4082
28.1570,-19.4595,-11.2616
28.1676,-16.1786,-12.7804
28.1762,-16.4705,-11.4620
28.1864,-15.7437,-11.8802
28.1967,-15.1654,-13.7102
28.2063,-13.5113,-14.0650
28.2160,-13.1281,-15.0972
28.2250,-13.9983,-14.9008
28.2352,-13.7496,-14.9634
28.2456,-12.2893,-16.0960
28.2552,-13.7502,-13.0241
28.2656,-13.4131,-13.4713
28.2743,-13.6721,-12.8258
28.2848,-12.8300,-12.5072
28.2949,-13.5585,-11.4878
28.3047,-13.4932,-11.5844
28.3152,-12.9403,-11.6606
28.3243,-15.1122,-8.5677
28.3342,-15.2388,-9.7433
28.3438,-14.4772,-11.8527
28.3540,-14.2199,-13.2081
28.3639,-15.0542,-11.5160
28.3734,-14.8052,-12.1965
28.3838,-16.6163,-12.3845
28.3930,-16.2007,-13.1592
28.4025,-15.5297,-13.2482
28.4123,-16.1629,-11.5078
28.4220,-17.5409,-10.5899
28.4324,-16.6557,-11.2140
28.4411,-16.3983,-11.8175
28.4507,-14.0602,-13.1660
28.4606,-12.9595,-13.9000
28.4807,-12.7887,-13.3812
28.4906,-12.1672,-15.2531
28.5002,-12.4845,-13.3431
28.5105,-12.3604,-13.4258
28.5202,-12.4998,-12.9212
28.5288,-13.4242,-14.3636
28.5388,-14.3935,-12.2583
28.5509,-15.9357,-10.7585
28.5608,-17.0812,-12.2018
28.5706,-15.9445,-10.6483
28.5796,-15.6880,-10.8862
28.5897,-14.8336,-11.4375
28.5992,-14.2907,-12.0702
28.6089,-13.6094,-12.6720
28.6189,-12.9691,-12.7509
28.6295,-15.1444,-11.8307
28.6387,-15.4185,-11.9663
28.6489,-15.1455,-11.3628
28.6575,-14.3696,-12.5078
28.6678,-13.7843,-12.2756
28.6780,-13.0406,-12.1098
28.6871,-12.6853,-11.4030
28.6972,-13.5389,-13.3059
28.7077,-12.5471,-12.3751
28.7164,-12.6164,-13.0428
28.7266,-11.7855,-13.6058
28.7365,-14.3820,-11.3214
28.7457,-13.1970,-11.6371
28.7553,-14.3996,-11.0316
28.7655,-13.7289,-11.7600
28.7746,-12.7585,-11.5724
28.7849,-12.6755,-10.9014
28.7945,-12.6555,-9.7383
28.8040,-14.0649,-9.2069
28.8144,-14.6307,-10.0410
28.8245,-16.4114,-9.6668
28.8343,-14.7504,-10.3246
28.8441,-14.7920,-9.7079
28.8551,-13.2380,-9.5537
28.8654,-12.0395,-8.7065
28.8753,-10.5004,-10.1770
28.8843,-11.0262,-8.9950
28.8946,-10.7073,-10.0672
28.9050,-10.8992,-10.0208
28.9136,-11.3022,-11.3884
28.9237,-12.4594,-11.8912
28.9339,-13.6247,-10.7750
28.9428,-13.9752,-11.1570
28.9525,-12.6644,-11.1890
28.9630,-12.4139,-10.7060
28.9719,-10.8474,-11.8419
28.9825,-10.4665,-11.0999
28.9919,-11.3167,-10.9438
29.0007,-11.6519,-10.7862
29.0107,-13.1149,-9.6301
29.0202,-13.3600,-10.1556
29.0300,-13.9847,-9.1376
29.0398,-15.1524,-8.8958
29.0505,-14.7953,-8.5153
29.0595,-13.2529,-9.0636
29.0699,-14.2855,-9.0250
29.0808,-11.4891,-10.3151
29.0899,-10.4217,-10.3637
29.0999,-10.1034,-11.9054
29.1099,-10.6190,-11.7681
29.1189,-12.8712,-9.4881
29.1296,-14.3034,-10.3313
29.1401,-13.8682,-8.7865
29.1503,-12.9364,-9.7966
29.1608,-12.4420,-10.3908
29.1705,-12.0931,-10.8024
29.1800,-12.4219,-9.9779
29.1900,-11.2020,-11.0137
29.1989,-11.6492,-10.2889
29.2087,-12.0763,-9.9505
29.2180,-13.0720,-9.9632
29.2266,-13.9466,-9.8785
29.2367,-13.4645,-10.3445
29.2463,-14.8267,-10.0723
29.2550,-13.0977,-11.1165
29.2651,-12.3017,-9.4372
29.2753,-12.1300,-9.3626
29.2843,-12.7821,-8.3763
29.2938,-11.2822,-7.9413
29.3037,-11.2183,-8.5045
29.3135,-10.6710,-9.3518
29.3238,-10.5007,-9.8878
29.3338,-13.2156,-10.6659
29.3440,-12.4299,-12.4445
29.3542,-12.4095,-11.5115
29.3632,-12.5898,-11.8492
29.3732,-12.1681,-11.0747
29.3832,-8.9348,-11.5393
29.3920,-9.6588,-9.7313
29.4021,-9.4246,-10.8469
29.4113,-9.9614,-10.5340